Ciência de dados – Wikipédia, a enciclopédia livre; /url?q=https://pt.wikipedia.org/wiki/Ci%25C3%25AAncia_de_dados&sa=U&ved=0ahUKEwjPsZ-50cTdAhVMipAKHW2iCfgQFggYMAE&usg=AOvVaw30FMDUVHiessbP6BkepMEK
Ciência de dados - Udacity; /url?q=https://br.udacity.com/blog/post/ciencia-de-dados&sa=U&ved=0ahUKEwjPsZ-50cTdAhVMipAKHW2iCfgQFggcMAI&usg=AOvVaw0ku1Ed3Ns4ltHnDad7Derq
Ciência de dados – Wikipédia, a enciclopédia livre; /url?q=https://pt.wikipedia.org/wiki/Ci%25C3%25AAncia_de_dados&sa=U&ved=0ahUKEwjPsZ-50cTdAhVMipAKHW2iCfgQFggnMAM&usg=AOvVaw1oeQO0RNJ2Wet_E3qaodEL
Introdução à Ciência de Dados 2.0 - Data Science Academy; /url?q=https://www.datascienceacademy.com.br/course%3Fcourseid%3Dintroduo--cincia-de-dados&sa=U&ved=0ahUKEwjPsZ-50cTdAhVMipAKHW2iCfgQFggxMAQ&usg=AOvVaw2RiovruWj-gJT9YDggNf77
Cientista de Dados - Por Onde Começar em 8 Passos - Data ...; /url?q=http://datascienceacademy.com.br/blog/cientista-de-dados-por-onde-comecar-em-8-passos/&sa=U&ved=0ahUKEwjPsZ-50cTdAhVMipAKHW2iCfgQFgg2MAU&usg=AOvVaw11c6qFfsuEYBHqiso7GAsX
Ciência e Dados — Data Science for Professionals; /url?q=http://www.cienciaedados.com/&sa=U&ved=0ahUKEwjPsZ-50cTdAhVMipAKHW2iCfgQFgg9MAY&usg=AOvVaw3IJDK29pyGNzRDz25MM4cw
Descubra a nova graduação em Ciência de Dados | Guia do ...; /url?q=https://guiadoestudante.abril.com.br/blog/pordentrodasprofissoes/descubra-a-nova-graduacao-em-ciencia-de-dados/&sa=U&ved=0ahUKEwjPsZ-50cTdAhVMipAKHW2iCfgQFghEMAc&usg=AOvVaw0BUzuvsIlOZfm1c3ucnhj2
Ciência de dados e o perfil do cientista de dados - Artigos - Campo ...; /url?q=https://www.campograndenews.com.br/artigos/ciencia-de-dados-e-o-perfil-do-cientista-de-dados&sa=U&ved=0ahUKEwjPsZ-50cTdAhVMipAKHW2iCfgQFghKMAg&usg=AOvVaw1jFd5cKyEBA4VHA6U-G4MJ
Quem são os Cientistas de Dados? | SAS; /url?q=https://www.sas.com/pt_br/insights/analytics/cientistas-de-dados.html&sa=U&ved=0ahUKEwjPsZ-50cTdAhVMipAKHW2iCfgQFghQMAk&usg=AOvVaw26wCo5eozuFA6tRMRf1ZfU
Ciência de Dados | Coursera; /url?q=https://pt.coursera.org/browse/data-science&sa=U&ved=0ahUKEwjPsZ-50cTdAhVMipAKHW2iCfgQFghWMAo&usg=AOvVaw1tWTpVc583VE39QC4e9NMi
O que é ciência de dados | Nerdologia Tech - YouTube; /url?q=https://www.youtube.com/watch%3Fv%3DykSILAQQu6o&sa=U&ved=0ahUKEwjPsZ-50cTdAhVMipAKHW2iCfgQtwIIXDAL&usg=AOvVaw2MsLjrwLKVOnhFSU7Vh_sH
Ciência de dados: tudo sobre o método que transforma dados em ...; /url?q=https://computerworld.com.br/2018/07/02/ciencia-de-dados-tudo-sobre-o-metodo-que-transforma-dados-em-valor/&sa=U&ved=0ahUKEwihr9C50cTdAhVEH5AKHXnOCIs4ChAWCBQwAA&usg=AOvVaw0NnpEhZigtyTn5ovnn8w_2
O que é ciência de dados | Nerdologia Tech - YouTube; /url?q=https://www.youtube.com/watch%3Fv%3DykSILAQQu6o&sa=U&ved=0ahUKEwihr9C50cTdAhVEH5AKHXnOCIs4ChC3AggbMAE&usg=AOvVaw2wtGNXlX2BO0wzofayW_p5
O QUE É CIÊNCIA DE DADOS EM 5 MINUTOS - Explorar Big Data ...; /url?q=https://www.youtube.com/watch%3Fv%3Dc6fdZmTwhWo&sa=U&ved=0ahUKEwihr9C50cTdAhVEH5AKHXnOCIs4ChC3AggfMAI&usg=AOvVaw2rw01crpVg17HiSF7WBl_0
Ciência de Dados e Big Data - PUC Minas; /url?q=https://www.pucminas.br/PucVirtual/Pos-Graduacao/Paginas/Ci%25C3%25AAncia-de-Dados-e-Big-Data.aspx%3Fmoda%3D1%26polo%3D1%26area%3D11%26curso%3D2944%26situ%3D1&sa=U&ved=0ahUKEwihr9C50cTdAhVEH5AKHXnOCIs4ChAWCCIwAw&usg=AOvVaw0RIaJEMcQ9Y0WK1tpiEAw-
O que é Ciência de Dados - Portal GSTI; /url?q=https://www.portalgsti.com.br/ciencia-de-dados/sobre/&sa=U&ved=0ahUKEwihr9C50cTdAhVEH5AKHXnOCIs4ChAWCCcwBA&usg=AOvVaw2b6Xwh9Ok8FaXrMTHiBV_a
15 certificações de Ciência de Dados para manter no radar - CIO; /url?q=http://cio.com.br/tecnologia/2018/04/16/15-certificacoes-de-ciencia-de-dados-para-manter-no-radar/&sa=U&ved=0ahUKEwihr9C50cTdAhVEH5AKHXnOCIs4ChAWCCwwBQ&usg=AOvVaw3AnoG6Fb6i31VETA2Fx4il
A diferença entre ciência de dados e análise de dados | Blog Cetax; /url?q=https://www.cetax.com.br/blog/ciencia-de-dados-e-analise-de-dados/&sa=U&ved=0ahUKEwihr9C50cTdAhVEH5AKHXnOCIs4ChAWCDIwBg&usg=AOvVaw3rHy-pwt77REN78oH_ZAOa
Plataforma de Ciência de Dados aplicada à Saúde; /url?q=https://bigdata.icict.fiocruz.br/&sa=U&ved=0ahUKEwihr9C50cTdAhVEH5AKHXnOCIs4ChAWCDgwBw&usg=AOvVaw0NExpecvJPCTI3K19eIk_I
Lançamento do Livro Ciência de Dados com R - Introdução | IBPAD; /url?q=https://www.ibpad.com.br/blog/lancamento-do-livro-ciencia-de-dados-com-r-introducao/&sa=U&ved=0ahUKEwihr9C50cTdAhVEH5AKHXnOCIs4ChAWCD0wCA&usg=AOvVaw2gvy18bfM956eu3lDHPczd
O que é preciso para ser um especialista em Ciência de Dados ...; /url?q=http://idgnow.com.br/carreira/2018/03/31/o-que-e-preciso-para-ser-um-especialista-em-ciencia-de-dados/&sa=U&ved=0ahUKEwihr9C50cTdAhVEH5AKHXnOCIs4ChAWCEMwCQ&usg=AOvVaw0f19gHrw0kpwIowqmAmLGn
O que é a ciência de dados e porquê ela é importante para o seu ...; /url?q=https://www.ecommercebrasil.com.br/artigos/o-que-e-ciencia-de-dados-e-porque-ela-e-importante-para-o-seu-negocio/&sa=U&ved=0ahUKEwixtfq50cTdAhUHkpAKHbzyDzE4FBAWCBQwAA&usg=AOvVaw3C2TpUX3pj0sfyJLUe-2aQ
Formação Cientista de Dados | Udemy; /url?q=https://www.udemy.com/cientista-de-dados/&sa=U&ved=0ahUKEwixtfq50cTdAhUHkpAKHbzyDzE4FBAWCBswAQ&usg=AOvVaw2AEFd6FKYGGq236fRjHdO0
Ciência de Dados – CAPPRA DATA SCIENCE; /url?q=https://cappra.com.br/ciencia-de-dados/&sa=U&ved=0ahUKEwixtfq50cTdAhUHkpAKHbzyDzE4FBAWCCAwAg&usg=AOvVaw1gZ0sdkxe-isJvGglm5z-v
Do futebol à medicina: 4 carreiras que a ciência de dados já melhora; /url?q=https://www.tecmundo.com.br/mercado/131422-futebol-medicina-4-carreiras-ciencia-dados-melhora.htm&sa=U&ved=0ahUKEwixtfq50cTdAhUHkpAKHbzyDzE4FBAWCCYwAw&usg=AOvVaw0shUJzqOcrLAf6ImRtbc8Q
Ciência de Dados é explorar Big Data para fazer perguntas para ...; /url?q=https://medium.com/%40AlfredBaudisch/o-que-%25C3%25A9-ci%25C3%25AAncia-de-dados-data-science-7af5bdac101a&sa=U&ved=0ahUKEwixtfq50cTdAhUHkpAKHbzyDzE4FBAWCCwwBA&usg=AOvVaw2g01sbceCC0uPwYjPbOttF
Introdução à Ciência de Dados - Alta Books; /url?q=http://www.altabooks.com.br/introducao-a-ciencia-de-dados-mineracao-de-dados-e-big-data.html&sa=U&ved=0ahUKEwixtfq50cTdAhUHkpAKHbzyDzE4FBAWCDIwBQ&usg=AOvVaw2el_DJA0iVsSjEnYoZ_Rfk
Fundamentos da Ciência de Dados — Escola de Administração ...; /url?q=http://esaf.fazenda.gov.br/assuntos/cursoseventos/presencial/cursos-abertos-1/junho-2018/fundamentos-da-ciencia-de-dados&sa=U&ved=0ahUKEwixtfq50cTdAhUHkpAKHbzyDzE4FBAWCDgwBg&usg=AOvVaw0dVmitxa8Jh-BiACZ8Zw_m
Ciência de Dados e Cloud - Oracle; /url?q=https://www.oracle.com/technetwork/pt/articles/cloudcomp/ciencia-de-dados-e-oracle-cloud-3042464-ptb.html&sa=U&ved=0ahUKEwixtfq50cTdAhUHkpAKHbzyDzE4FBAWCD0wBw&usg=AOvVaw0MXSavUkbbjxBF5x-K658s
Carreira Data Science/Ciência de dados | Alura Cursos Online; /url?q=https://www.alura.com.br/carreira-data-science&sa=U&ved=0ahUKEwixtfq50cTdAhUHkpAKHbzyDzE4FBAWCEIwCA&usg=AOvVaw11_mxmDdYxG6FVvAtsKnHL
15 mil bolsas de estudo para cursos on-line em ciência de dados; /url?q=https://catracalivre.com.br/educacao/bolsas-de-estudo-cursos-ciencia-dados/&sa=U&ved=0ahUKEwixtfq50cTdAhUHkpAKHbzyDzE4FBAWCEcwCQ&usg=AOvVaw0HXnGOMQfSoPKeMPlmf0q3
Análise Visual para Ciência de Dados | Conferência de ...; /url?q=https://qconsp.com/sp2018/sp2018/presentation/analise-visual-para-ciencia-de-dados.html&sa=U&ved=0ahUKEwiwx6W60cTdAhVLh5AKHS72Bv84HhAWCBQwAA&usg=AOvVaw0lwWP0wyQKxpuTXr_WAxk5
CCE PUC-Rio - Ciência de Dados aplicada ao Direito; /url?q=http://www.cce.puc-rio.br/sitecce/website/website.dll/folder%3FnCurso%3Dciencia-de-dados-aplicada-ao-direito%26nInst%3Dcce&sa=U&ved=0ahUKEwiwx6W60cTdAhVLh5AKHS72Bv84HhAWCBkwAQ&usg=AOvVaw1vjg_vAVTgWz3iWKEFyNmn
A formação em ciência de dados: uma análise preliminar do ... - Uel; /url?q=http://www.uel.br/revistas/uel/index.php/informacao/article/view/27945&sa=U&ved=0ahUKEwiwx6W60cTdAhVLh5AKHS72Bv84HhAWCB4wAg&usg=AOvVaw0-KsaSYmr1Wzh_YxUTrXSM
Pós-Graduação Unip - Ciência de dados teoria e aplicação; /url?q=http://www.posunip.com.br/curso-detalhe/ciencia-de-dados---teoria-e-aplicacao-/11230&sa=U&ved=0ahUKEwiwx6W60cTdAhVLh5AKHS72Bv84HhAWCCMwAw&usg=AOvVaw0nH5A1rKbXDlfM2kf4lfGw
Meetups Ciência de Dados - Meetup; /url?q=https://www.meetup.com/pt-BR/topics/data-science/&sa=U&ved=0ahUKEwiwx6W60cTdAhVLh5AKHS72Bv84HhAWCCgwBA&usg=AOvVaw0XRgIsR26Zp3BJXHWn5mLn
Comparando as principais bibliotecas de ciência de dados para ...; /url?q=http://www.semantix.com.br/blog/comparando-as-principais-bibliotecas-para-python-r-e-scala/&sa=U&ved=0ahUKEwiwx6W60cTdAhVLh5AKHS72Bv84HhAWCC0wBQ&usg=AOvVaw3HWgmS5bsSnCSquS_tHxD_
Ciência de dados é considerada a profissão mais promissora até ...; /url?q=https://www.terra.com.br/noticias/dino/ciencia-de-dados-e-considerada-a-profissao-mais-promissora-ate-2020-como-iniciar-a-carreira,f9fe0f2d3429dafdeb92bdcf1882c149zflz8ghs.html&sa=U&ved=0ahUKEwiwx6W60cTdAhVLh5AKHS72Bv84HhAWCDMwBg&usg=AOvVaw1rJSBxR2krjISjy-OqIYhV
Paulo Vasconcellos — Cientista de Dados brasileiro; /url?q=https://paulovasconcellos.com.br/&sa=U&ved=0ahUKEwiwx6W60cTdAhVLh5AKHS72Bv84HhAWCDkwBw&usg=AOvVaw2IjaztucknksdSdzdy2M45
ESPECIALIZAÇÃO EM CIÊNCIA DE DADOS | Centro Universitário ...; /url?q=http://fbuni.edu.br/educacao-continuada/pos-graduacao/curso/235/turma/321&sa=U&ved=0ahUKEwiwx6W60cTdAhVLh5AKHS72Bv84HhAWCD8wCA&usg=AOvVaw1Be3rwChsVssIXVhUSmYoG
1.000+ vagas de Ciência De Dados | LinkedIn; /url?q=https://br.linkedin.com/jobs/ci%25C3%25AAncia-de-dados-vagas&sa=U&ved=0ahUKEwiwx6W60cTdAhVLh5AKHS72Bv84HhAWCEQwCQ&usg=AOvVaw3vlzNA3dAQwZKmAfpZtY9n
CIÊNCIA DE DADOS E BUSINESS INTELLIGENCE | Educa Mais ...; /url?q=https://www.educamaisbrasil.com.br/cursos-e-faculdades/data-warehouse-e-business-intelligence-ciencia-de-dados-e-big-data-analytic&sa=U&ved=0ahUKEwjIhtC60cTdAhVHkZAKHXTABwg4KBAWCBQwAA&usg=AOvVaw2O8ulnCdu-Q6GC8W8mhHsb
Melhores Mestrados em Ciência de Dados 2018/2019; /url?q=https://www.masterstudies.com.br/Mestrado/Ci%25C3%25AAncia-de-Dados/&sa=U&ved=0ahUKEwjIhtC60cTdAhVHkZAKHXTABwg4KBAWCBkwAQ&usg=AOvVaw3BfZvBOrlpDu1MiAboXcQT
Inscrições Abertas Especialização em Ciência dos Dados ... - Facens; /url?q=http://www.facens.br/cursos/pos-graduacao/ciencia-dos-dados&sa=U&ved=0ahUKEwjIhtC60cTdAhVHkZAKHXTABwg4KBAWCB4wAg&usg=AOvVaw2WNh9eX_UzGhSrR1RZ88vK
Curso :: Pós-Graduação em Ciência dos Dados - Alpha Channel; /url?q=http://www.alphachannel.net.br/posgraduacao/pos-alpha/tecnologia/ciencia-dos-dados&sa=U&ved=0ahUKEwjIhtC60cTdAhVHkZAKHXTABwg4KBAWCCMwAw&usg=AOvVaw1tTvjO_VPf5RzxBCGu9dzG
Laboratório de Ciências de Dados e Big Data - Universidade ...; /url?q=http://www.ucb.br/textos/2/1943/LaboratorioDeCienciasDeDadosEBigData/&sa=U&ved=0ahUKEwjIhtC60cTdAhVHkZAKHXTABwg4KBAWCCgwBA&usg=AOvVaw1-7COIiU0pZcZuBArIwaER
Ciência de dados: descubra o que é e as suas aplicações na indústria; /url?q=http://www.logiquesistemas.com.br/blog/ciencia-de-dados/&sa=U&ved=0ahUKEwjIhtC60cTdAhVHkZAKHXTABwg4KBAWCC0wBQ&usg=AOvVaw0mk83WvA9mS_vEbmNvfTS4
Engenharia e Ciência de Dados - Florianópolis | Universidade do ...; /url?q=http://www.unisul.br/wps/portal/home/ensino/especializacao-e-mba/engenharia-e-ciencia-de-dados-florianopolis/&sa=U&ved=0ahUKEwjIhtC60cTdAhVHkZAKHXTABwg4KBAWCDMwBg&usg=AOvVaw02KbMJYQ-j1dUEM5RfeoBe
Udacity oferece 15 mil bolsas para cursos de ciência de dados; /url?q=https://www.estudarfora.org.br/udacity-ciencia-de-dados/&sa=U&ved=0ahUKEwjIhtC60cTdAhVHkZAKHXTABwg4KBAWCDgwBw&usg=AOvVaw3Q4gyGUKJamFX6EyAdvF4M
O que é ciência de dados - Jovem Nerd; /url?q=https://jovemnerd.com.br/nerdologia/o-que-e-ciencia-de-dados/&sa=U&ved=0ahUKEwjIhtC60cTdAhVHkZAKHXTABwg4KBAWCD4wCA&usg=AOvVaw3KCDX06HhHQij5H3QQZTWF
Ciência de Dados (Big Data Analytics) | Mackenzie; /url?q=https://www.mackenzie.br/pos-graduacao/especializacao/alphaville-alameda-tocantins/tecnologia-da-informacao/ciencia-de-dados-big-data-analytics/&sa=U&ved=0ahUKEwjIhtC60cTdAhVHkZAKHXTABwg4KBAWCEQwCQ&usg=AOvVaw3w1I_dDiZkiYPK1F1uufMF
Mestrado profissional da USP na área de ciência de dados abre ...; /url?q=https://jornal.usp.br/universidade/ingresso/mestrado-profissional-da-usp-na-area-de-ciencia-de-dados-abre-inscricoes/&sa=U&ved=0ahUKEwjG7v260cTdAhVDiZAKHRKkCFA4MhAWCBQwAA&usg=AOvVaw0w3-aZfgT3AcuTRDTWvPPc
Estudantes brasileiros participarão de competição de ciência de ...; /url?q=https://revistagalileu.globo.com/Ciencia/noticia/2018/09/estudantes-brasileiros-participarao-de-competicao-de-ciencia-de-dados.html&sa=U&ved=0ahUKEwjG7v260cTdAhVDiZAKHRKkCFA4MhAWCBowAQ&usg=AOvVaw2MTxMvlnpzFJFvSHCMhvEh
Ciência de dados cresce na preferência dos estudantes | Valor ...; /url?q=https://www.valor.com.br/carreira/5464975/ciencia-de-dados-cresce-na-preferencia-dos-estudantes&sa=U&ved=0ahUKEwjG7v260cTdAhVDiZAKHRKkCFA4MhAWCCAwAg&usg=AOvVaw3svjcrURg2Jao1gNxCRy_x
Livro - Introdução à Ciência de Dados: Mineração de Dados e Big ...; /url?q=https://www.submarino.com.br/produto/129431021&sa=U&ved=0ahUKEwjG7v260cTdAhVDiZAKHRKkCFA4MhAWCCYwAw&usg=AOvVaw2x7e3t-oDQ-hPTMQehLtf9
Big Data & Ciência dos Dados - UNISAL; /url?q=https://unisal.br/cursos/big-data-ciencia-dos-dados/&sa=U&ved=0ahUKEwjG7v260cTdAhVDiZAKHRKkCFA4MhAWCCwwBA&usg=AOvVaw3taSvDtLxGffBgbTYMe8c7
Ciência de Dados – Big Data, o primeiro curso de Graduação do ...; /url?q=https://www.ab2l.org.br/ciencia-de-dados-big-data-o-primeiro-curso-de-graduacao-do-brasil/&sa=U&ved=0ahUKEwjG7v260cTdAhVDiZAKHRKkCFA4MhAWCDEwBQ&usg=AOvVaw3z6PGVR4hvelN4R6gIeKGC
Ciência de Dados – 1ª edição – Portal das Inscrições - UCPel; /url?q=https://inscricao.ucpel.edu.br/curso/ciencia-de-dados-1a-edicao/&sa=U&ved=0ahUKEwjG7v260cTdAhVDiZAKHRKkCFA4MhAWCDcwBg&usg=AOvVaw0SZ6pViFYwAyC-w6122j8Y
Ciência de Dados e Analytics – CPG; /url?q=http://posgraduacao.poli.br/especializacoes/ciencia-de-dados-e-analytics/&sa=U&ved=0ahUKEwjG7v260cTdAhVDiZAKHRKkCFA4MhAWCDwwBw&usg=AOvVaw3QIDAeiuWwFs9i0KsX9PD-
Arquivos Ciência de dados - O Estatístico; /url?q=https://oestatistico.com.br/category/ciencia-de-dados/&sa=U&ved=0ahUKEwjG7v260cTdAhVDiZAKHRKkCFA4MhAWCEEwCA&usg=AOvVaw39tBQf9CUUHqyLAzKijZrv
Jornada em Ciência de Dados - LNCC - Laboratório Nacional de ...; /url?q=http://www.lncc.br/eventoSeminario/eventoconsultar.php%3FvMenu%3D%26idt_evento%3D1762&sa=U&ved=0ahUKEwjG7v260cTdAhVDiZAKHRKkCFA4MhAWCEYwCQ&usg=AOvVaw1_IQyGW-3Q3qdi5EC_aGNB
5 cursos sensacionais sobre Big Data e Data Science | Big Data ...; /url?q=http://www.bigdatabusiness.com.br/5-cursos-sobre-big-data-para-quem-quer-entender-tudo-de-data-science/&sa=U&ved=0ahUKEwi9m6i70cTdAhXBj5AKHc93Clg4PBAWCBQwAA&usg=AOvVaw09E6_-ny2cm0FAD1oWcSY4
Um Novato em Ciência de Dados – Análise de Dados aplicada a ...; /url?q=https://leosalesblog.wordpress.com/&sa=U&ved=0ahUKEwi9m6i70cTdAhXBj5AKHc93Clg4PBAWCBowAQ&usg=AOvVaw0ilVKLWJ_VVCusQVWYwrW7
Ciência de Dados | DCC; /url?q=http://www.dcc.ufmg.br/dcc/%3Fq%3Dpt-br/taxonomy/term/531&sa=U&ved=0ahUKEwi9m6i70cTdAhXBj5AKHc93Clg4PBAWCB8wAg&usg=AOvVaw0hdDHaDubjNvWBVhX_Vb9O
O "bem-casado" da ciência de dados e da agricultura; /url?q=https://climatefieldview.com.br/blog/da-ciencia-de-dados-e-da-agricultura&sa=U&ved=0ahUKEwi9m6i70cTdAhXBj5AKHc93Clg4PBAWCCQwAw&usg=AOvVaw118wVQUx_wtPbhvNFrjdfj
Workshop Fundamentos da Ciência de Dados Ingressos, Dom, 11 ...; /url?q=https://www.eventbrite.com.br/e/workshop-fundamentos-da-ciencia-de-dados-tickets-39225750275&sa=U&ved=0ahUKEwi9m6i70cTdAhXBj5AKHc93Clg4PBAWCCowBA&usg=AOvVaw295sPw1v9O86rhfSnXheEX
Ciência de Dados – Portal CESED - Facisa; /url?q=http://www.cesed.br/portal/engenharia-e-administracao-de-sistemas-de-bancos-de-dados/&sa=U&ved=0ahUKEwi9m6i70cTdAhXBj5AKHc93Clg4PBAWCC8wBQ&usg=AOvVaw0s7tbI8aUV7J91N_cbQwsj
Ciência de Dados | Faculdade de Ciências da Universidade de Lisboa; /url?q=https://ciencias.ulisboa.pt/pt/tags/ci%25C3%25AAncia-de-dados&sa=U&ved=0ahUKEwi9m6i70cTdAhXBj5AKHc93Clg4PBAWCDQwBg&usg=AOvVaw0GXX68oZZNp5Os5YaPZja5
MEET UP | TERA | Mulheres na Ciência de Dados - Sympla; /url?q=https://www.sympla.com.br/meet-up--tera--mulheres-na-ciencia-de-dados__303705&sa=U&ved=0ahUKEwi9m6i70cTdAhXBj5AKHc93Clg4PBAWCDkwBw&usg=AOvVaw30RBHlhjecixZtB_smgdKr
Data Science: Transformando Dados em Informação - Insper; /url?q=https://www.insper.edu.br/educacao-executiva/cursos-de-curta-duracao/estrategia-e-negocios/data-science-transformando-dados-em-informacoes/%3Finstance_id%3D&sa=U&ved=0ahUKEwi9m6i70cTdAhXBj5AKHc93Clg4PBAWCD8wCA&usg=AOvVaw2r__eyGLWL_BWUcLtwVSJ6
Como a evolução da ciência de dados impacta o mundo dos ...; /url?q=http://www.administradores.com.br/noticias/cotidiano/como-a-evolucao-da-ciencia-de-dados-impacta-o-mundo-dos-negocios/125616/&sa=U&ved=0ahUKEwi9m6i70cTdAhXBj5AKHc93Clg4PBAWCEQwCQ&usg=AOvVaw1WQWxBSc_TtQ9aK7FX3gP4
Melhor Graduação em Ciência de Dados; /url?q=https://www.bachelorstudies.com.br/Gradua%25C3%25A7%25C3%25A3o/Ci%25C3%25AAncia-de-Dados/&sa=U&ved=0ahUKEwjOz9y70cTdAhWIvJAKHYDnCSU4RhAWCBQwAA&usg=AOvVaw0Ct3VVhhsImNjIKRgyfYVB
Qual a diferença entre Engenharia, Análise e Ciência de Dados ...; /url?q=http://somostera.com/blog/engenharia-analise-ciencia-de-dados/&sa=U&ved=0ahUKEwjOz9y70cTdAhWIvJAKHYDnCSU4RhAWCBYwAQ&usg=AOvVaw2h-t2iogy8dJtQ34QCILyL
Por que estudar Ciência de Dados ? | Educação Executiva; /url?q=https://educacao-executiva.fgv.br/rj/rio-de-janeiro/eventos/por-que-estudar-ciencia-de-dados-1&sa=U&ved=0ahUKEwjOz9y70cTdAhWIvJAKHYDnCSU4RhAWCBwwAg&usg=AOvVaw2Ml-IgLJmQbHprMLV7THbv
Pós Estácio - Pós-Graduação a Distância em Ciência de Dados e ...; /url?q=http://www.posestacio.com.br/pos-graduacao-a-distancia/ciencia-de-dados-e-big-data-analytics/2883/11&sa=U&ved=0ahUKEwjOz9y70cTdAhWIvJAKHYDnCSU4RhAWCCIwAw&usg=AOvVaw2mSHelc04iJJZszx93Fx97
Portal Terra repercute graduação pioneira em Ciência de Dados do ...; /url?q=http://izabelahendrix.edu.br/noticias/2018/portal-terra-repercute-graduacao-pioneira-em-ciencia-de-dados-do-izabela&sa=U&ved=0ahUKEwjOz9y70cTdAhWIvJAKHYDnCSU4RhAWCCcwBA&usg=AOvVaw3b3OLmjtEwOUp-UjTeUoJB
MBA em Big Data (Data Science) - MBA - FIAP; /url?q=https://www.fiap.com.br/mba/mba-em-big-data/&sa=U&ved=0ahUKEwjOz9y70cTdAhWIvJAKHYDnCSU4RhAWCCwwBQ&usg=AOvVaw0Rw--TpYSwUX5DwHWYIg5Z
Melhores Cursos em Ciência de Dados 2018/2019; /url?q=https://www.academiccourses.com.br/Cursos/Ci%25C3%25AAncia-de-Dados/&sa=U&ved=0ahUKEwjOz9y70cTdAhWIvJAKHYDnCSU4RhAWCDIwBg&usg=AOvVaw1Rw38wUdu4IUkzSGJH0akU
Grand Challenges Explorations Brasil - Ciência de Dados Para ...; /url?q=http://www.rebrats.saude.gov.br/noticias/508-grand-challenges-explorations-brasil-ciencia-de-dados-para-melhorar-a-saude-materno-infantil-no-brasil&sa=U&ved=0ahUKEwjOz9y70cTdAhWIvJAKHYDnCSU4RhAWCDcwBw&usg=AOvVaw2314AHR-ejZpEnycbi3_jB
Ciência de dados é cenário promissor para estatísticos | CONRE-3 ...; /url?q=http://www.conre3.org.br/portal/4737-2/&sa=U&ved=0ahUKEwjOz9y70cTdAhWIvJAKHYDnCSU4RhAWCDwwCA&usg=AOvVaw2m4zdZQB_5VN3lyLy5MMcG
CEFET oferece cursos em Ciência de Dados - LIneA; /url?q=http://www.linea.gov.br/2018/05/cefet-oferece-cursos-em-ciencia-de-dados/&sa=U&ved=0ahUKEwjOz9y70cTdAhWIvJAKHYDnCSU4RhAWCEIwCQ&usg=AOvVaw0Vazewkh-SmCSoGv7ycdu6
Introdução à Ciência de Dados - Prof. Christopher Souza; /url?q=https://sites.google.com/site/souzacfufal/introducao-a-ciencia-de-dados&sa=U&ved=0ahUKEwjlqou80cTdAhUCi5AKHT-2CAY4UBAWCBQwAA&usg=AOvVaw3TjzN5GdXmZijAmzL0OFi7
A caminho da ciência de dados - Geosoft; /url?q=https://www.geosoft.com/pt/caminho-da-ciencia-de-dados&sa=U&ved=0ahUKEwjlqou80cTdAhUCi5AKHT-2CAY4UBAWCBYwAQ&usg=AOvVaw3lkrkVy3ZRTOSrJkSLrVuI
Notícias - DF TEM GRADUAÇÃO DE CIÊNCIA DE DADOS E ... - Iesb; /url?q=http://www.iesb.br/institucional/noticia/df-tem-graduacao-de-ciencia-de-dados-e-inteligencia-artificial-&sa=U&ved=0ahUKEwjlqou80cTdAhUCi5AKHT-2CAY4UBAWCBswAg&usg=AOvVaw3oOJJtUXGF9jmvGogISikR
Especialização em Ciência de Dados e Análise de Marketing; /url?q=https://www.master-mestrado.com/Mestrado-em-Economia-e-Neg%25C3%25B3cios-Especializa%25C3%25A7%25C3%25A3o-em-Ci%25C3%25AAncia-de-Dados-e-An%25C3%25A1lise-de-Marketing/Holanda/Erasmus-School-of-Economics-Erasmus-University-Rotterdam/&sa=U&ved=0ahUKEwjlqou80cTdAhUCi5AKHT-2CAY4UBAWCCAwAw&usg=AOvVaw2uAtMLpRRN88MQPV-C83fI
Carreira em ciência de dados promete salários de R$ 22 mil - Fotos ...; /url?q=http://recordtv.r7.com/fala-brasil/fotos/carreira-em-ciencia-de-dados-promete-salarios-de-r-22-mil-13092018&sa=U&ved=0ahUKEwjlqou80cTdAhUCi5AKHT-2CAY4UBAWCCUwBA&usg=AOvVaw2N6Nq-TJjNsUT3RcvlAoc8
EAD FS: Ciência de Dados - FS/UnB; /url?q=https://fs.unb.br/ead/course/index.php%3Fcategoryid%3D34%26lang%3Den&sa=U&ved=0ahUKEwjlqou80cTdAhUCi5AKHT-2CAY4UBAWCCswBQ&usg=AOvVaw2q5f5yPta8F_scGhYV2pVc
Escola Fiocruz de Governo promove Seminário de Ciência de ...; /url?q=https://www.unasus.gov.br/noticia/escola-fiocruz-de-governo-promove-seminario-de-ciencia-de-dados-aplicada&sa=U&ved=0ahUKEwjlqou80cTdAhUCi5AKHT-2CAY4UBAWCDAwBg&usg=AOvVaw0R69Caeox8q4IpYIk9VZeo
Líder de Ciência de Dados - MaxMilhas - Gupy; /url?q=https://maxmilhas.gupy.io/jobs/13511&sa=U&ved=0ahUKEwjlqou80cTdAhUCi5AKHT-2CAY4UBAWCDYwBw&usg=AOvVaw0R6nfSVY5v4d1d9iX9XKt-
KEYRUS | Pesquisa & Desenvolvimento; /url?q=http://www.keyrus.com.br/pt/pesquisa-desenvolvimento/&sa=U&ved=0ahUKEwjlqou80cTdAhUCi5AKHT-2CAY4UBAWCDswCA&usg=AOvVaw3OcsUjPo8wyoOqnnyhg0II
CIÊNCIA DE DADOS (BIG DATA ANALYTICS) - Avantis; /url?q=http://avantis.edu.br/cursos/ciencia-de-dados-big-data-analytics/&sa=U&ved=0ahUKEwjlqou80cTdAhUCi5AKHT-2CAY4UBAWCEAwCQ&usg=AOvVaw0v1030t8-oNkHnnXsHSIQg
as questões da análise de dados no contexto da ciência de dados; /url?q=http://revista.faculdadeprojecao.edu.br/index.php/Projecao4/article/view/952&sa=U&ved=0ahUKEwi7nri80cTdAhVElZAKHewuA2I4WhAWCBQwAA&usg=AOvVaw1Gn2FDAsB_7sRODp-5bI6D
Imagens de ciencia de dados; /search?q=ciencia+de+dados&sa=N&biw=1280&bih=496&ie=UTF-8&prmd=ivns&tbm=isch&tbo=u&source=univ&ved=0ahUKEwi7nri80cTdAhVElZAKHewuA2I4WhCwBAgZ
Empresas utilizam ciência de dados para mapear consumidores em ...; /url?q=https://www.acritica.com/channels/manaus/news/domingo-mercado-de-oportunidades&sa=U&ved=0ahUKEwi7nri80cTdAhVElZAKHewuA2I4WhAWCCUwBg&usg=AOvVaw3fqnTZgY1nIhy3srGJpuCG
Vaga de Estágio Doutorado Pesquisa – Ciência de Dados na IBM ...; /url?q=https://www.lovemondays.com.br/vagas/vaga-de-estagio-doutorado-pesquisa-ciencia-de-dados-ibm-rio-de-janeiro-rj-3986990&sa=U&ved=0ahUKEwi7nri80cTdAhVElZAKHewuA2I4WhAWCCswBw&usg=AOvVaw1sZ99qhPJ4kYJqdFKh3-8P
Big Data - Universidade Federal do Paraná; /url?q=http://dsbd.leg.ufpr.br/&sa=U&ved=0ahUKEwi7nri80cTdAhVElZAKHewuA2I4WhAWCDAwCA&usg=AOvVaw1GxR7hQJuk7UCNBFaLQbNP
Ciência de dados reconstrói a retórica da Revolução Francesa ...; /url?q=http://revistapesquisa.fapesp.br/2018/05/23/ciencia-de-dados-reconstroi-a-retorica-da-revolucao-francesa/&sa=U&ved=0ahUKEwi7nri80cTdAhVElZAKHewuA2I4WhAWCDUwCQ&usg=AOvVaw2U9mbtKDodAU2uxzGX4Iy0
Introdução à Ciência de Dados: Mineração de Dados e Big Data ...; /url?q=https://www.buscape.com.br/introducao-a-ciencia-de-dados-mineracao-de-dados-e-big-data-fernando-amaral-8576089343&sa=U&ved=0ahUKEwi7nri80cTdAhVElZAKHewuA2I4WhAWCDswCg&usg=AOvVaw1lQTFPX-RXplSB_RNvrCGz
Café de Ciência na Assembleia da República - Ciência Viva; /url?q=http://www.cienciaviva.pt/divulgacao/cafe/dados.asp&sa=U&ved=0ahUKEwi7nri80cTdAhVElZAKHewuA2I4WhAWCEEwCw&usg=AOvVaw3n1k5qrrbp4gl4lKl0AZKh
Ciência de dados | Projeto Draft; /url?q=https://projetodraft.com/tag/ciencia-de-dados/&sa=U&ved=0ahUKEwi7nri80cTdAhVElZAKHewuA2I4WhAWCEYwDA&usg=AOvVaw0qGiVjpPsNmeomHFXruipJ
Máquinas Virtuais de Ciência de Dados | Microsoft Azure; /url?q=https://azure.microsoft.com/pt-br/services/virtual-machines/data-science-virtual-machines/&sa=U&ved=0ahUKEwi7nri80cTdAhVElZAKHewuA2I4WhAWCEswDQ&usg=AOvVaw0cysBHY8-B8OPjf-tq1dBD
Como e por onde aprender sobre Ciência de Dados? - GDG João ...; /url?q=http://gdgjampa.com/como-e-por-onde-aprender-sobre-ciencia-de-dados/&sa=U&ved=0ahUKEwjo9Om80cTdAhWCS5AKHTbPD_s4ZBAWCBQwAA&usg=AOvVaw3MA-jraIrrS5bn0jPL9x9j
Ciência de dados se 'infiltra' em formações não tecnológicas ...; /url?q=https://educacao.estadao.com.br/noticias/geral,ciencia-de-dados-se-infiltra-em-formacoes-nao-tecnologicas,70002066822&sa=U&ved=0ahUKEwjo9Om80cTdAhWCS5AKHTbPD_s4ZBAWCBowAQ&usg=AOvVaw1zoSwKgFtCfOyXT3eRhUXR
Ciência de Dados no Brasil: um bate-papo com Paulo Vasconcellos; /url?q=http://www.itmanagement.com.br/2018/ciencia-de-dados-no-brasil/&sa=U&ved=0ahUKEwjo9Om80cTdAhWCS5AKHTbPD_s4ZBAWCCAwAg&usg=AOvVaw0kk1vuFuUNIjYrr5j1u9wp
Ciência de Dados: verdades e mentiras sobre esta prática científica ...; /url?q=http://www.helioteixeira.org/gramatica-da-colaboracao/ciencia-de-dados-verdades-e-mentiras-sobre-esta-pratica-cientifica/&sa=U&ved=0ahUKEwjo9Om80cTdAhWCS5AKHTbPD_s4ZBAWCCYwAw&usg=AOvVaw1sZ8uJ3I5Mti-OD7f4f_sv
Ciência de Dados no Contexto da Computação em Nuvem ...; /url?q=https://canaltech.com.br/video/cloud-weekend/ciencia-de-dados-no-contexto-da-computacao-em-nuvem-vanderlei-pereira-10744/&sa=U&ved=0ahUKEwjo9Om80cTdAhWCS5AKHTbPD_s4ZBC3AggtMAQ&usg=AOvVaw10yHvHU3sEoIVCG52A4_Sd
Brasileiro é líder em ciência de dados | Notícias | Baguete; /url?q=https://www.baguete.com.br/noticias/30/10/2017/brasileiro-e-lider-em-ciencia-de-dados&sa=U&ved=0ahUKEwjo9Om80cTdAhWCS5AKHTbPD_s4ZBAWCDAwBQ&usg=AOvVaw2NHtB7fgG1P8sAgREZonuM
Aprenda sobre Ciência de Dados e Inteligência de Negócios ...; /url?q=https://unichristus.edu.br/noticias/ciencia-de-dados-e-inteligencia-de-negocios/&sa=U&ved=0ahUKEwjo9Om80cTdAhWCS5AKHTbPD_s4ZBAWCDYwBg&usg=AOvVaw1qpGvot1KqB_3GC1cok-LO
Ciência de dados ajuda empresas a identificar tendências de ...; /url?q=http://pioneiro.clicrbs.com.br/rs/economia/noticia/2017/08/ciencia-de-dados-ajuda-empresas-a-identificar-tendencias-de-mercado-9869892.html&sa=U&ved=0ahUKEwjo9Om80cTdAhWCS5AKHTbPD_s4ZBAWCDswBw&usg=AOvVaw2EZiU27__PKsMeoFV3YeJ5
Ciência de Dados: 5 carreiras promissoras! - Profissionais TI; /url?q=https://www.profissionaisti.com.br/2016/06/ciencia-de-dados-5-carreiras-promissoras/&sa=U&ved=0ahUKEwjo9Om80cTdAhWCS5AKHTbPD_s4ZBAWCEEwCA&usg=AOvVaw1NHS64QgE88QWE97Dgv_5h
Ciência de dados - Entenda o que é e como colabora com sua ...; /url?q=http://farolbi.com.br/entenda-o-que-e-e-como-a-ciencia-de-dados-colabora-com-sua-empresa/&sa=U&ved=0ahUKEwjo9Om80cTdAhWCS5AKHTbPD_s4ZBAWCEgwCQ&usg=AOvVaw3OPeKq-7Q9g_N_DNWPTaYe
Ciência de dados: como isso muda a Gestão de Pessoas | VAGAS ...; /url?q=https://www.vagas.com.br/genterh/ciencia-de-dados-como-gestao-de-pessoas/&sa=U&ved=0ahUKEwiD3qK90cTdAhVDWpAKHfFoCSs4bhAWCBQwAA&usg=AOvVaw0euX38XdnZ_BNf-D41e2rm
Veja onde estudar para ser um cientista de dados - 07/02/2016 ...; /url?q=https://m.folha.uol.com.br/empregos/2016/02/1737397-veja-onde-estudar-para-ser-um-cientista-de-dados.shtml&sa=U&ved=0ahUKEwiD3qK90cTdAhVDWpAKHfFoCSs4bhAWCBowAQ&usg=AOvVaw0-M-Ubsk2nMI2IfXnlSAyr
Centro universitário mineiro cria graduação em Ciência de Dados ...; /url?q=http://www.simi.org.br/noticia/Centro-universitario-mineiro-cria-graduacao-em-Ciencia-de-Dados&sa=U&ved=0ahUKEwiD3qK90cTdAhVDWpAKHfFoCSs4bhAWCCAwAg&usg=AOvVaw1wbxu5CjVookZwQIuDXi7m
Ciência de dados: uma nova arte - E-Commerce News; /url?q=https://ecommercenews.com.br/artigos/dicas-artigos/ciencia-de-dados-uma-nova-arte/&sa=U&ved=0ahUKEwiD3qK90cTdAhVDWpAKHfFoCSs4bhAWCCYwAw&usg=AOvVaw1VTsbxK6HfK1LEHE5MDhpZ
As linguagens mais populares em Ciência de Dados | Propus Data ...; /url?q=http://propus.science/as-linguagens-mais-populares-em-ciencia-de-dados/&sa=U&ved=0ahUKEwiD3qK90cTdAhVDWpAKHfFoCSs4bhAWCCwwBA&usg=AOvVaw13NWV2FixOMD8mBJgz7fhQ
Como a ciência de dados está mudando as vendas e o marketing; /url?q=https://www.hytrade.com.br/como-a-ciencia-de-dados-esta-mudando-as-vendas-e-o-marketing/&sa=U&ved=0ahUKEwiD3qK90cTdAhVDWpAKHfFoCSs4bhAWCDIwBQ&usg=AOvVaw05uYVWcBlTH4KM6ncZIDzr
Os dados estão em toda a parte - Serpro; /url?q=http://www.serpro.gov.br/menu/noticias/noticias-2017/os-dados-estao-em-toda-a-parte&sa=U&ved=0ahUKEwiD3qK90cTdAhVDWpAKHfFoCSs4bhAWCDgwBg&usg=AOvVaw0ZP9uDAeUOtg4Ju1MORWai
A carreira dos profissionais de Ciência de Dados, Engenharia ... - IGTI; /url?q=http://igti.com.br/blog/carreira-big-data-engenharia-dados-machine-learning/&sa=U&ved=0ahUKEwiD3qK90cTdAhVDWpAKHfFoCSs4bhAWCD4wBw&usg=AOvVaw0PeKofQFFpLxf1V4fDyQuX
Empresa de TI monta equipe de ciência de dados - Convergência ...; /url?q=http://sis-publique.convergenciadigital.com.br/cgi/cgilua.exe/sys/start.htm%3Finfoid%3D45984%26sid%3D97&sa=U&ved=0ahUKEwiD3qK90cTdAhVDWpAKHfFoCSs4bhAWCEQwCA&usg=AOvVaw0CI0VnxejfIGXCARzWzBdL
Mais de 40% da área de ciência de dados será automatizada até ...; /url?q=https://blogbrasil.comstor.com/mais-de-40-da-area-de-ciencia-de-dados-sera-automatizada-ate-2020&sa=U&ved=0ahUKEwiD3qK90cTdAhVDWpAKHfFoCSs4bhAWCEowCQ&usg=AOvVaw0C7o709W5Rok0oRznqo6Bu
A ciência de dados no Marketing Digital - Resultados Digitais; /url?q=https://resultadosdigitais.com.br/blog/a-ciencia-de-dados-no-marketing-digital/&sa=U&ved=0ahUKEwj_gdm90cTdAhVEDpAKHQT3D284eBAWCBQwAA&usg=AOvVaw3XoRdJbceIwm2NmCO6i9ly
Fiocruz disponibiliza Plataforma de Ciência de Dados Aplicada à ...; /url?q=http://www.fapema.br/index.php/fiocruz-disponibiliza-plataforma-de-ciencia-de-dados-aplicada-a-saude/&sa=U&ved=0ahUKEwj_gdm90cTdAhVEDpAKHQT3D284eBAWCBowAQ&usg=AOvVaw0me1UMNAeJsqtjnwwkvm4_
O que é a ciência de dados e por que ela é importante para o seu ...; /url?q=https://imasters.com.br/conteudo-digital/o-que-e-ciencia-de-dados-e-por-que-ela-e-importante-para-o-seu-negocio&sa=U&ved=0ahUKEwj_gdm90cTdAhVEDpAKHQT3D284eBAWCCAwAg&usg=AOvVaw1nXrD0eeanLWLQ4WsKIbEH
Especialização em Ciência de Dados com Big Data, BI e Data ...; /url?q=http://www.uni7.edu.br/posgraduacao/especializacao-em-ciencia-de-dados-com-big-data-bi-e-data-analytics/&sa=U&ved=0ahUKEwj_gdm90cTdAhVEDpAKHQT3D284eBAWCCMwAw&usg=AOvVaw1QsRQUx4ewKLb8bLnwHBCO
O que é a ciência de dados (data science). Discussão do conceito; /url?q=https://pt.slideshare.net/lmbg/o-que-a-cincia-de-dados-data-science-discusso-do-conceito&sa=U&ved=0ahUKEwj_gdm90cTdAhVEDpAKHQT3D284eBAWCCkwBA&usg=AOvVaw16K9Exgvvx4G1PgeYVxMlF
Ciência de Dados aplicada ao Direito - Eventos - Migalhas; /url?q=https://www.migalhas.com.br/Eventos/18,MI256958,21048-Ciencia%2Bde%2BDados%2Baplicada%2Bao%2BDireito&sa=U&ved=0ahUKEwj_gdm90cTdAhVEDpAKHQT3D284eBAWCC8wBQ&usg=AOvVaw0MWAo9HKEq-4TX3SXO3FVO
Introdução à Ciencia de Dados: mineração de dados e big data - Resultado da Pesquisa de livros Google; https://books.google.com.br/books?id=hAlVDQAAQBAJ&pg=PA114&lpg=PA114&dq=ciencia+de+dados&source=bl&ots=hF8o2xdwB2&sig=fjKneEpMk9fb3Jwwz542i1lrhAk&hl=pt-BR&sa=X&ved=0ahUKEwj_gdm90cTdAhVEDpAKHQT3D284eBDoAQg1MAY
Ciência de dados: desafio para a ciência, indústria e governo; /url?q=http://www.comciencia.br/comciencia/handler.php%3Fsection%3D8%26edicao%3D115%26id%3D1381&sa=U&ved=0ahUKEwj_gdm90cTdAhVEDpAKHQT3D284eBAWCDgwBw&usg=AOvVaw2J9hczP2Xqhepc-Cw0CmdV
Como a ciência de dados traz praticidade à segurança da ... - Proof; /url?q=https://www.proof.com.br/blog/seguranca-da-informacao/como-ciencia-de-dados-traz-praticidade-seguranca-da-informacao/&sa=U&ved=0ahUKEwj_gdm90cTdAhVEDpAKHQT3D284eBAWCD0wCA&usg=AOvVaw0eDL6HJR4R75iyozC-FEE6
Como a ciência de dados está melhorando a gestão logística | PROOF; /url?q=https://www.proof.com.br/blog/business-analytics/como-ciencia-de-dados-esta-melhorando-gestao-logistica/&sa=U&ved=0ahUKEwj_gdm90cTdAhVEDpAKHQT3D284eBAWCEMwCQ&usg=AOvVaw0p6nAuZizYLmmMyHXK1GfM
Oportunidades aumentam para quem estuda ciência de dados - Folha; /url?q=http://www1.folha.uol.com.br/sobretudo/carreiras/2018/06/1971998-oportunidades-aumentam-para-quem-estuda-ciencia-de-dados.shtml&sa=U&ved=0ahUKEwjbnpS-0cTdAhVDiZAKHRKkCFA4ggEQFggUMAA&usg=AOvVaw1NETbbuXyXCoBmuJqVh3dU
Museu de Astronomia e Ciências Afins - MAST; /url?q=http://www.mast.br/&sa=U&ved=0ahUKEwjbnpS-0cTdAhVDiZAKHRKkCFA4ggEQFggXMAE&usg=AOvVaw20s1rWqyXv6VcOYyK8PfjW
Plantas medicinais: memória da ciência no Brasil - Resultado da Pesquisa de livros Google; https://books.google.com.br/books?id=Ss57AwAAQBAJ&pg=PA16&lpg=PA16&dq=ciencia+de+dados&source=bl&ots=QdD-EiAfz8&sig=HCC2OLoXwxqOE-KRqx5ZI5IzAi0&hl=pt-BR&sa=X&ved=0ahUKEwjbnpS-0cTdAhVDiZAKHRKkCFA4ggEQ6AEIHTAC
FCT — Contactos; /url?q=https://www.fct.pt/contactos&sa=U&ved=0ahUKEwjbnpS-0cTdAhVDiZAKHRKkCFA4ggEQFgggMAM&usg=AOvVaw1-jQx1Za6MIBsKhzCKKUW2
Questões Comentadas - Informática para Polícia Federal - Agente ...; /url?q=https://www.estrategiaconcursos.com.br/blog/questoes-comentadas-informatica-para-policia-federal-agente-banco-de-dados/&sa=U&ved=0ahUKEwjbnpS-0cTdAhVDiZAKHRKkCFA4ggEQFgglMAQ&usg=AOvVaw3kN2o7gCnu5_s0z5dGGvNv
PRATICAR CIÊNCIA - Resultado da Pesquisa de livros Google; https://books.google.com.br/books?id=iSFnDwAAQBAJ&pg=PT111&lpg=PT111&dq=ciencia+de+dados&source=bl&ots=m1UbnbTwsz&sig=KiiYHcugoxGUAdrt5pPpPNI1oJI&hl=pt-BR&sa=X&ved=0ahUKEwjbnpS-0cTdAhVDiZAKHRKkCFA4ggEQ6AEIKzAF
Minas Faz Ciência: HOME; /url?q=http://minasfazciencia.com.br/&sa=U&ved=0ahUKEwjbnpS-0cTdAhVDiZAKHRKkCFA4ggEQFgguMAY&usg=AOvVaw0fGUivA1Zb6aQbSq0IaI99
O Quarto Paradigma: descobertas científicas na era da eScience - Resultado da Pesquisa de livros Google; https://books.google.com.br/books?id=bVm_4X4Wm-UC&pg=PT5&lpg=PT5&dq=ciencia+de+dados&source=bl&ots=Pyqqbaeelz&sig=p_Y8UK4nd_zZlmYZPaKzv8cJS0Q&hl=pt-BR&sa=X&ved=0ahUKEwjbnpS-0cTdAhVDiZAKHRKkCFA4ggEQ6AEINDAH
Documento TE 1/CPAD/UFFS/2018 Dados do Cadastro 1; /url?q=https://www.uffs.edu.br/institucional/comissoes/comissao_permanente_de_avaliacao_de_documentos/termos-de-eliminacao/termo-de-eliminacao-de-documentos-no-1-cpad-uffs-2018/%40%40download/file&sa=U&ved=0ahUKEwjbnpS-0cTdAhVDiZAKHRKkCFA4ggEQFgg5MAg&usg=AOvVaw17x_qa_QbtZLHDkGUD3OZZ
IFS - Instituto Federal de Educação, Ciência e Tecnologia de ...; /url?q=http://www.ifs.edu.br/&sa=U&ved=0ahUKEwjbnpS-0cTdAhVDiZAKHRKkCFA4ggEQFgg_MAk&usg=AOvVaw1PTAgoHzl4dxV3MfheMd6e
Portal Regional da BVS; /url?q=http://bvsalud.org/&sa=U&ved=0ahUKEwiq7sq-0cTdAhVEi5AKHconBAY4jAEQFggUMAA&usg=AOvVaw1OAVZ1EfPfbatbbzsytBfl
Amazon apura denúncia de que seus funcionários vendiam dados ...; /url?q=https://tecnologia.uol.com.br/noticias/afp/2018/09/17/amazon-apura-denuncia-de-que-seus-funcionarios-vendiam-dados-de-clientes.htm&sa=U&ved=0ahUKEwiq7sq-0cTdAhVEi5AKHconBAY4jAEQFggaMAE&usg=AOvVaw0y3syfsbADY7diKpd2J_MG
Portal .periodicos. CAPES; /url?q=http://www.periodicos.capes.gov.br/&sa=U&ved=0ahUKEwiq7sq-0cTdAhVEi5AKHconBAY4jAEQFgggMAI&usg=AOvVaw0xdtJtehdWElhtqeG7MVYm
Assista ao vivo o Iº Encontro CAPES de Ciência Aberta; /url?q=http://www.capes.gov.br/sala-de-imprensa/noticias/9057-assista-ao-vivo-o-i-encontro-capes-de-ciencia-aberta&sa=U&ved=0ahUKEwiq7sq-0cTdAhVEi5AKHconBAY4jAEQFggmMAM&usg=AOvVaw0nw1QABbr2yMPFzzHDLomu
O tecido conjuntivo da ciência | Unicamp; /url?q=https://www.unicamp.br/unicamp/ju/artigos/peter-schulz/o-tecido-conjuntivo-da-ciencia&sa=U&ved=0ahUKEwiq7sq-0cTdAhVEi5AKHconBAY4jAEQFggsMAQ&usg=AOvVaw1Qh8WyU-RI8Bh9SJkLJY2K
Plataforma Lattes; /url?q=http://lattes.cnpq.br/&sa=U&ved=0ahUKEwiq7sq-0cTdAhVEi5AKHconBAY4jAEQFggyMAU&usg=AOvVaw3C751Ua6_lc7Q7fiH2f3wC
UFPE: Universidade Federal de Pernambuco; /url?q=https://www.ufpe.br/&sa=U&ved=0ahUKEwiq7sq-0cTdAhVEi5AKHconBAY4jAEQFgg4MAY&usg=AOvVaw2MA_vD0wY3Djy5yUV-k7BM
Cientistas identificam quatro tipos de personalidade | Ciência ...; /url?q=http://www.portaldoholanda.com.br/ciencia/cientistas-identificam-quatro-tipos-de-personalidade&sa=U&ved=0ahUKEwiq7sq-0cTdAhVEi5AKHconBAY4jAEQFghAMAc&usg=AOvVaw081ErvsMHo_V8mQHAZRAaP
Universidade do Minho; /url?q=https://www.uminho.pt/&sa=U&ved=0ahUKEwiq7sq-0cTdAhVEi5AKHconBAY4jAEQFghGMAg&usg=AOvVaw28tyGlapcyZX0JQbCK8wE3
ECD - Especialização em Ciência de Dados e Big Data; /url?q=http://www.ecd.ufba.br/&sa=U&ved=0ahUKEwiq7sq-0cTdAhVEi5AKHconBAY4jAEQFghMMAk&usg=AOvVaw2C-nuykPpkSg_1pfFvIGQh
