Eleições 2018 no G1 - Pesquisas, candidatos, debates, apuração e ...; /url?q=https://g1.globo.com/politica/eleicoes/2018/&sa=U&ved=0ahUKEwip8v_U0cTdAhWJxpAKHTVOCdgQFggjMAM&usg=AOvVaw2G_SHPlu7DuTVEuhUMN9pR
Eleições 2018: confira as datas do calendário eleitoral | Eleições ...; /url?q=https://g1.globo.com/politica/eleicoes/2018/noticia/eleicoes-2018-datas.ghtml&sa=U&ved=0ahUKEwip8v_U0cTdAhWJxpAKHTVOCdgQFggtMAQ&usg=AOvVaw07fgAo3yyjAAE8XGGiek7t
Eleições 2018 — Tribunal Superior Eleitoral; /url?q=http://www.tse.jus.br/eleicoes/eleicoes-2018/informacoes-sobre-as-eleicoes-2018&sa=U&ved=0ahUKEwip8v_U0cTdAhWJxpAKHTVOCdgQFggzMAU&usg=AOvVaw3p_rKVTKt5_KJ8sQ-rMGz3
Pela 1ª vez desde 1989, líder nas pesquisas tem menos de 30 ...; /url?q=https://noticias.uol.com.br/politica/eleicoes/2018/noticias/2018/09/18/pela-1-vez-desde-1989-lider-nas-pesquisas-tem-menos-de-30.htm&sa=U&ved=0ahUKEwip8v_U0cTdAhWJxpAKHTVOCdgQFgg4MAY&usg=AOvVaw1Z_jE6S9WZiqjgwAyLa1WL
Eleições 2018: Bolsonaro sobe para 33% e Haddad vai a 16% em ...; /url?q=https://exame.abril.com.br/brasil/bolsonaro-sobe-para-33-e-haddad-salta-para-16-em-nova-pesquisa-btg-fsb/&sa=U&ved=0ahUKEwip8v_U0cTdAhWJxpAKHTVOCdgQFgg-MAc&usg=AOvVaw2OMuGhlkmgtOx45kXg7emK
Eleições 2018 - Veja; /url?q=https://veja.abril.com.br/noticias-sobre/eleicoes-2018/&sa=U&ved=0ahUKEwip8v_U0cTdAhWJxpAKHTVOCdgQFghDMAg&usg=AOvVaw1W9SZHVKAhA0v_JJxjvarZ
Eleições 2018 - Nexo Jornal; /url?q=https://www.nexojornal.com.br/eleicoes/2018/&sa=U&ved=0ahUKEwip8v_U0cTdAhWJxpAKHTVOCdgQFghIMAk&usg=AOvVaw08rA5tNGwY21HJrztfdyPT
Eleições 2018 | Folha; /url?q=https://www1.folha.uol.com.br/poder/eleicoes/2018/&sa=U&ved=0ahUKEwip8v_U0cTdAhWJxpAKHTVOCdgQFghNMAo&usg=AOvVaw1UkJF7y39xDa1oE2qNQVys
Resumo das Eleições 2018: Toffoli rebate Bolsonaro e Haddad ...; /url?q=https://politica.estadao.com.br/noticias/eleicoes,resumo-das-eleicoes-2018-toffoli-rebate-bolsonaro-e-haddad-defende-dialogo-com-tucanos,70002506675&sa=U&ved=0ahUKEwip8v_U0cTdAhWJxpAKHTVOCdgQFghSMAs&usg=AOvVaw2CPrByjKHhEcoMfBuVV05m
Propostas: Eleições 2018: o que pensa Fernando Haddad sobre ...; /url?q=https://exame.abril.com.br/mundo/eleicoes-2018-o-que-pensa-fernando-haddad-sobre-politica-externa/&sa=U&ved=0ahUKEwiisLLV0cTdAhXFF5AKHWDzBa84ChAWCBowAA&usg=AOvVaw1K3YGV7MAGPKpAWdYzhIgx
Eleições 2018 - BBC News Brasil - BBC.com; /url?q=https://www.bbc.com/portuguese/topics/1fccaede-12d5-4f11-8e47-a81991002c58&sa=U&ved=0ahUKEwiisLLV0cTdAhXFF5AKHWDzBa84ChAWCCAwAQ&usg=AOvVaw1E7dHoiajT_MuWB75Iux51
Eleições 2018 | EBC; /url?q=http://www.ebc.com.br/eleicoes2018&sa=U&ved=0ahUKEwiisLLV0cTdAhXFF5AKHWDzBa84ChAWCCUwAg&usg=AOvVaw28xrpGFjKKySviKMiY4SsM
Eleições 2018 - BOL Notícias - Uol; /url?q=https://noticias.bol.uol.com.br/especiais/eleicoes-2018&sa=U&ved=0ahUKEwiisLLV0cTdAhXFF5AKHWDzBa84ChAWCCowAw&usg=AOvVaw3FVpvfSJmyByzTQlbP7IIi
Eleições 2018 - Pesquisas, candidatos, intenção de voto e mais | MSN; /url?q=https://www.msn.com/pt-br/noticias/eleicoes&sa=U&ved=0ahUKEwiisLLV0cTdAhXFF5AKHWDzBa84ChAWCC8wBA&usg=AOvVaw1YLCbcW2jlBINQ-tnufejF
Antipetismo e voto nas eleições 2018 | Brasil | EL PAÍS Brasil; /url?q=https://brasil.elpais.com/brasil/2018/09/16/politica/1537131928_759863.html&sa=U&ved=0ahUKEwiisLLV0cTdAhXFF5AKHWDzBa84ChAWCDQwBQ&usg=AOvVaw2NKXqZ8s-nrUKdTYUVmUy7
eleições 2018: Renato Meirelles: “Nem Bolsonaro nem Marina vão ...; /url?q=https://brasil.elpais.com/brasil/2018/08/27/politica/1535331490_085126.html&sa=U&ved=0ahUKEwiisLLV0cTdAhXFF5AKHWDzBa84ChAWCD0wBg&usg=AOvVaw34plXfGdfl7qaDqoT20ld9
Eleições 2018 — Tribunal Regional Eleitoral do Rio Grande do Norte; /url?q=http://www.tre-rn.jus.br/eleicoes/eleicoes-2018&sa=U&ved=0ahUKEwiisLLV0cTdAhXFF5AKHWDzBa84ChAWCEYwBw&usg=AOvVaw1chhKzjOVh33U0eUvZ9-D7
Correios - Eleições 2018; /url?q=http://www2.correios.com.br/hotsites/eleicoes2018/&sa=U&ved=0ahUKEwiisLLV0cTdAhXFF5AKHWDzBa84ChAWCEswCA&usg=AOvVaw10i0L6U0ZADVNua19xUIQ-
Eleições 2018 | 7 de outubro - Calendarr; /url?q=https://www.calendarr.com/brasil/eleicoes-2018/&sa=U&ved=0ahUKEwiisLLV0cTdAhXFF5AKHWDzBa84ChAWCFAwCQ&usg=AOvVaw0yItKJ0Cx6jCBU72WQ5sFc
Eleições 2018 | Poder360; /url?q=https://www.poder360.com.br/tag/eleicoes-2018/&sa=U&ved=0ahUKEwjLwOXV0cTdAhVBHJAKHQbWCdM4FBAWCBQwAA&usg=AOvVaw3LGBli-Q-J67bqciRt6QXY
Eleições 2018: ideias de Jair Bolsonaro para o Brasil sair da crise ...; /url?q=https://gauchazh.clicrbs.com.br/politica/eleicoes/noticia/2018/09/eleicoes-2018-ideias-de-jair-bolsonaro-para-o-brasil-sair-da-crise-cjm6hy6wa03uj01mnhpwnr1o9.html&sa=U&ved=0ahUKEwjLwOXV0cTdAhVBHJAKHQbWCdM4FBAWCBkwAQ&usg=AOvVaw28K2z_bEDIH4XowrUx_EWc
Eleições 2018: #1votoimporta - Politize!; /url?q=http://www.politize.com.br/eleicoes-2018/&sa=U&ved=0ahUKEwjLwOXV0cTdAhVBHJAKHQbWCdM4FBAWCB8wAg&usg=AOvVaw1TkiZlZjuazHbWKohTy_3X
Eleições 2018 | JORNAL O TEMPO; /url?q=https://www.otempo.com.br/hotsites/elei%25C3%25A7%25C3%25B5es-2018&sa=U&ved=0ahUKEwjLwOXV0cTdAhVBHJAKHQbWCdM4FBAWCCQwAw&usg=AOvVaw1exuqUNTXsXhEL35Dbko2J
Arquivo para eleições 2018 | Blog do Esmael; /url?q=https://www.esmaelmorais.com.br/tag/eleicoes-2018/&sa=U&ved=0ahUKEwjLwOXV0cTdAhVBHJAKHQbWCdM4FBAWCCkwBA&usg=AOvVaw2kob8ixSVSNux3BJWZGwSR
Notícias sobre as Eleições 2018 na Gazeta do Povo; /url?q=https://especiais.gazetadopovo.com.br/eleicoes/2018/noticias/&sa=U&ved=0ahUKEwjLwOXV0cTdAhVBHJAKHQbWCdM4FBAWCC8wBQ&usg=AOvVaw1O8ka79AAivgmufjKuCNXf
〖ELEIÇÕES 2018〗ENTREVISTA COM JAIR BOLSONARO NO ...; /url?q=https://www.youtube.com/watch%3Fv%3DnUpVoYjhKwQ&sa=U&ved=0ahUKEwjLwOXV0cTdAhVBHJAKHQbWCdM4FBC3Agg1MAY&usg=AOvVaw35nl2BoT3jauMnZvV3qB2s
Eleições 2018 - Rádio Itatiaia | A Rádio de Minas; /url?q=http://www.itatiaia.com.br/eleicoes-2018&sa=U&ved=0ahUKEwjLwOXV0cTdAhVBHJAKHQbWCdM4FBAWCDgwBw&usg=AOvVaw2C1zwm7Hgc_odT6Ei8T-s4
Eleições 2018: Carta aberta à Igreja Brasileira – TUPORÉM; /url?q=https://tuporem.org.br/eleicoes-2018-carta-aberta-a-igreja-brasileira/&sa=U&ved=0ahUKEwjLwOXV0cTdAhVBHJAKHQbWCdM4FBAWCD0wCA&usg=AOvVaw34_Vj7cWAJPh4GdG-UsI5v
Eleições 2018 - OAB-ES; /url?q=http://www.oabes.org.br/eleicoes-2018&sa=U&ved=0ahUKEwjLwOXV0cTdAhVBHJAKHQbWCdM4FBAWCEIwCQ&usg=AOvVaw3sd0zMuxwun7L9fzbG9C5X
Eleições 2018 | Partido dos Trabalhadores; /url?q=http://www.pt.org.br/tag/eleicoes-2018/&sa=U&ved=0ahUKEwjH1pfW0cTdAhXKIJAKHRMIDCc4HhAWCBQwAA&usg=AOvVaw1SaNZFE8eBj5D6L-Y9IgUo
Eleições 2018 — Tribunal Regional Eleitoral de Minas Gerais; /url?q=http://www.tre-mg.jus.br/eleicoes/eleicoes-2018&sa=U&ved=0ahUKEwjH1pfW0cTdAhXKIJAKHRMIDCc4HhAWCBkwAQ&usg=AOvVaw20kjx2Z-3FrL6zuQVroimO
Informações sobre as Eleições 2018 — Tribunal Regional Eleitoral ...; /url?q=http://www.tre-ba.jus.br/eleicoes/eleicoes-2018/informacoes-sobre-as-eleicoes-2018&sa=U&ved=0ahUKEwjH1pfW0cTdAhXKIJAKHRMIDCc4HhAWCB4wAg&usg=AOvVaw2vaJKJ7kADK0JhMJj3pIG8
Eleições 2018 — Tribunal Regional Eleitoral do Paraná; /url?q=http://www.tre-pr.jus.br/eleicoes/eleicoes-2018&sa=U&ved=0ahUKEwjH1pfW0cTdAhXKIJAKHRMIDCc4HhAWCCMwAw&usg=AOvVaw1p27BlCAO9-cp4I9FG2Yp5
Eleições 2018 | RedeTV!; /url?q=http://www.redetv.uol.com.br/jornalismo/eleicoes2018/&sa=U&ved=0ahUKEwjH1pfW0cTdAhXKIJAKHRMIDCc4HhAWCCgwBA&usg=AOvVaw2edhI3PuiGUkFevx_2jLA_
Arquivos Eleições 2018 - Diário do Centro do Mundo; /url?q=https://www.diariodocentrodomundo.com.br/categorias/especiais-dcm/eleicoes/eleicoes-2018/&sa=U&ved=0ahUKEwjH1pfW0cTdAhXKIJAKHRMIDCc4HhAWCC0wBQ&usg=AOvVaw0_fu9dkCE6UIla2waQPhZb
Eleições 2018 — Tribunal Regional Eleitoral do Pará; /url?q=http://www.tre-pa.jus.br/eleicoes/eleicoes-2018/eleicoes-2018&sa=U&ved=0ahUKEwjH1pfW0cTdAhXKIJAKHRMIDCc4HhAWCDIwBg&usg=AOvVaw35n-hc107zl1NScvRM_ted
Eleições 2018 — Tribunal Regional Eleitoral do Distrito Federal; /url?q=http://www.tre-df.jus.br/eleicoes/eleicoes-2018&sa=U&ved=0ahUKEwjH1pfW0cTdAhXKIJAKHRMIDCc4HhAWCDcwBw&usg=AOvVaw2xSbDuZSZNOPBgDGEGAGWG
Eleições 2018: os esportistas que concorrem no pleito deste ano ...; /url?q=https://esporte.ig.com.br/maisesportes/2018-09-17/eleicoes-2018-esportistas.html&sa=U&ved=0ahUKEwjH1pfW0cTdAhXKIJAKHRMIDCc4HhAWCDwwCA&usg=AOvVaw2CrOlHhTbHAzFfLqA_Ypm9
Eleições 2018 | Jovem Pan Online; /url?q=https://jovempan.uol.com.br/eleicoes-2018&sa=U&ved=0ahUKEwjH1pfW0cTdAhXKIJAKHRMIDCc4HhAWCEIwCQ&usg=AOvVaw25BlCBeWNHu_hr9Y38B-My
Eleições 2018 — Tribunal Regional Eleitoral de São Paulo; /url?q=http://www.tre-sp.jus.br/eleicoes/eleicoesgerais-2018&sa=U&ved=0ahUKEwj038rW0cTdAhWFlZAKHaYiBQA4KBAWCBQwAA&usg=AOvVaw2dC5xn4cl7GBQN_wx4VUIE
Mesários convocados - 1º turno - Eleições 2018 - TRESC; /url?q=http://www.tre-sc.jus.br/site/eleicoes/eleicoes-2018/mesarios-convocados/&sa=U&ved=0ahUKEwj038rW0cTdAhWFlZAKHaYiBQA4KBAWCBkwAQ&usg=AOvVaw3TKWn7ql7vO6TwvU28FE7y
Valor Econômico | Eleições 2018 - Propostas dos presidenciais; /url?q=https://www.valor.com.br/eleicoes-2018/propostas&sa=U&ved=0ahUKEwj038rW0cTdAhWFlZAKHaYiBQA4KBAWCB4wAg&usg=AOvVaw0Em0uCboEnByNbbqMWR9IO
Radar Eleições 2018 — Procuradoria da República no Amazonas; /url?q=http://www.mpf.mp.br/am/radar-eleicoes-2018&sa=U&ved=0ahUKEwj038rW0cTdAhWFlZAKHaYiBQA4KBAWCCMwAw&usg=AOvVaw3T_-1Tksk6UV6Vunltm4qg
Eleições 2018 - Metrópoles; /url?q=https://www.metropoles.com/brasil/eleicoes-2018&sa=U&ved=0ahUKEwj038rW0cTdAhWFlZAKHaYiBQA4KBAWCCgwBA&usg=AOvVaw2-ekwb0afFLXkuTQRg5dzn
Eleições 2018 - Pesquisas, candidatos e apuração | NSC Total; /url?q=https://www.nsctotal.com.br/eleicoes/2018&sa=U&ved=0ahUKEwj038rW0cTdAhWFlZAKHaYiBQA4KBAWCC0wBQ&usg=AOvVaw10QCTk8YO5FlfU84jSYBTE
Eleições 2018 — CartaCapital; /url?q=https://www.cartacapital.com.br/especiais/eleicoes-2018&sa=U&ved=0ahUKEwj038rW0cTdAhWFlZAKHaYiBQA4KBAWCDIwBg&usg=AOvVaw18Kemrg6skrKwKN_F1agzg
Eleições 2018 — Tribunal Regional Eleitoral de Mato Grosso; /url?q=http://www.tre-mt.jus.br/eleicoes/eleicoes-2018/eleicoes-2018&sa=U&ved=0ahUKEwj038rW0cTdAhWFlZAKHaYiBQA4KBAWCDcwBw&usg=AOvVaw37XMWauIUmNPHBdh7AYqAm
Relação de mesários convocados para o 1º turno - Eleições 2018 ...; /url?q=http://www.tre-ce.jus.br/eleicao/eleicoes-2018/consultas/relacao-de-mesarios-por-municipio-e-zona-eleitoral&sa=U&ved=0ahUKEwj038rW0cTdAhWFlZAKHaYiBQA4KBAWCDwwCA&usg=AOvVaw04Khb3cZHJyI7o2a2yZnP0
Eleição presidencial no Brasil em 2018 – Wikipédia, a enciclopédia ...; /url?q=https://pt.wikipedia.org/wiki/Elei%25C3%25A7%25C3%25A3o_presidencial_no_Brasil_em_2018&sa=U&ved=0ahUKEwj038rW0cTdAhWFlZAKHaYiBQA4KBAWCEEwCQ&usg=AOvVaw2z6ffwfMN5GL87vDwflKLw
Eleições 2018 — Tribunal Regional Eleitoral do Amazonas; /url?q=http://www.tre-am.jus.br/eleicoes/eleicoes-2018/eleicoes-2018&sa=U&ved=0ahUKEwj_pIbX0cTdAhUGk5AKHSvHD704MhAWCBQwAA&usg=AOvVaw15XWx_g-e2u89krpfTkspo
Nova pesquisa eleitoral aponta liderança de Bolsonaro com 28,2 ...; /url?q=http://portaldoholanda.com.br/bolsonaro/nova-pesquisa-eleitoral-aponta-lideranca-de-bolsonaro-com-282-seguido-de-haddad-com-176&sa=U&ved=0ahUKEwj_pIbX0cTdAhUGk5AKHSvHD704MhAWCBkwAQ&usg=AOvVaw1A30N0YHAsKNofaKD2kDe7
Eleições 2018 — Tribunal Regional Eleitoral de Mato Grosso do Sul; /url?q=http://www.tre-ms.jus.br/eleicoes/eleicoes-2018&sa=U&ved=0ahUKEwj_pIbX0cTdAhUGk5AKHSvHD704MhAWCB8wAg&usg=AOvVaw1nb57_QuSyIBXvT4Ll6SZY
Eleições 2018 — Tribunal Regional Eleitoral do Tocantins; /url?q=http://www.tre-to.jus.br/eleicoes/eleicoes-2018&sa=U&ved=0ahUKEwj_pIbX0cTdAhUGk5AKHSvHD704MhAWCCQwAw&usg=AOvVaw2kISVLCVh1ZVCpxOgwQdFH
Eleições 2018 — Tribunal Regional Eleitoral de Rondônia; /url?q=http://www.tre-ro.jus.br/eleicoes/eleicoes-2018&sa=U&ved=0ahUKEwj_pIbX0cTdAhUGk5AKHSvHD704MhAWCCkwBA&usg=AOvVaw0EyAGImxnUklwpvWr7dP2q
Eleições 2018 — Tribunal Regional Eleitoral do Amapá; /url?q=http://www.tre-ap.jus.br/eleicoes/eleicoes-2018&sa=U&ved=0ahUKEwj_pIbX0cTdAhUGk5AKHSvHD704MhAWCC4wBQ&usg=AOvVaw1FiMRwAFOYBCF8E3BdngrP
Eleições 2018 — Tribunal Regional Eleitoral de Goiás; /url?q=http://www.tre-go.jus.br/eleicoes/eleicoes-2018/eleicoes-2018&sa=U&ved=0ahUKEwj_pIbX0cTdAhUGk5AKHSvHD704MhAWCDMwBg&usg=AOvVaw2KDwpOfAiMCNGiK-RIeTmW
Eleições 2018 — Secretaria Especial de Comunicação Social; /url?q=http://www.secom.gov.br/acesso-a-informacao/eleicoes-2018&sa=U&ved=0ahUKEwj_pIbX0cTdAhUGk5AKHSvHD704MhAWCDgwBw&usg=AOvVaw3y6EuzQPCY5Hfr_J6jpMdu
Eleições 2018 — Tribunal Regional Eleitoral de Alagoas; /url?q=http://www.tre-al.jus.br/eleicoes/eleicoes-2018-1/eleicoes-2018-1&sa=U&ved=0ahUKEwj_pIbX0cTdAhUGk5AKHSvHD704MhAWCD0wCA&usg=AOvVaw1EWY8EnxgmNQwOTaJM9tmq
Eleições 2018 | SEMACE; /url?q=http://www.semace.ce.gov.br/2018/07/eleicoes-2018/&sa=U&ved=0ahUKEwj_pIbX0cTdAhUGk5AKHSvHD704MhAWCEIwCQ&usg=AOvVaw0yFCEW8-hrU1lHK08tCyrX
Informações sobre as Eleições 2018 - Tribunal Regional Eleitoral do ...; /url?q=http://www.tre-es.jus.br/eleicoes/eleicoes-2018/informacoes-sobre-as-eleicoes-2018&sa=U&ved=0ahUKEwiUw7jX0cTdAhXHf5AKHd-8A384PBAWCBQwAA&usg=AOvVaw0XjFuKy7OOj1kdOphVPFBr
Portal Eleições 2018 — Tribunal Regional Eleitoral da Paraíba; /url?q=http://www.tre-pb.jus.br/eleicoes/eleicoes-2018/&sa=U&ved=0ahUKEwiUw7jX0cTdAhXHf5AKHd-8A384PBAWCBkwAQ&usg=AOvVaw3Q5uYmFz-lkv6lYjiL59a1
Eleições 2018 — Tribunal Regional Eleitoral do Rio Grande do Sul; /url?q=http://www.tre-rs.jus.br/eleicoes/eleicoes-2018&sa=U&ved=0ahUKEwiUw7jX0cTdAhXHf5AKHd-8A384PBAWCB4wAg&usg=AOvVaw3djTvzSt36hRktXG33P4tK
Eleições 2018 | O Popular; /url?q=https://www.opopular.com.br/editorias/politica/elei%25C3%25A7%25C3%25B5es-2018&sa=U&ved=0ahUKEwiUw7jX0cTdAhXHf5AKHd-8A384PBAWCCMwAw&usg=AOvVaw1aJVVtrNYKnY8_qX-aed_T
Eleições 2018 | As propostas de Ciro Gomes para tecnologia ...; /url?q=https://canaltech.com.br/governo/eleicoes-2018-as-propostas-de-ciro-gomes-para-tecnologia-inovacao-e-ciencia-122546/&sa=U&ved=0ahUKEwiUw7jX0cTdAhXHf5AKHd-8A384PBAWCCgwBA&usg=AOvVaw1kW26cFczLyydvypXY9SRq
Arquivos Eleições 2018 - Terça Livre TV; /url?q=https://www.tercalivre.com.br/noticias/eleicoes-2018/&sa=U&ved=0ahUKEwiUw7jX0cTdAhXHf5AKHd-8A384PBAWCC4wBQ&usg=AOvVaw3ttT3w_3cqetsjCHav-euF
Informações sobre as Eleições 2018 — Tribunal Regional ... - TRE-MA; /url?q=http://www.tre-ma.jus.br/eleicoes/eleicoes-2018/informacoes-sobre-as-eleicoes-2018&sa=U&ved=0ahUKEwiUw7jX0cTdAhXHf5AKHd-8A384PBAWCDMwBg&usg=AOvVaw2LefacSyxoJzbfnGVeI6Wi
Eleições 2018 | Notícias do Dia Florianópolis - ND Online; /url?q=https://ndonline.com.br/florianopolis/noticias/eleicoes-2018&sa=U&ved=0ahUKEwiUw7jX0cTdAhXHf5AKHd-8A384PBAWCDgwBw&usg=AOvVaw12PKIaEfTiqXJIJWX31jG9
Eleições 2018 — Tribunal Regional Eleitoral de Pernambuco; /url?q=http://www.tre-pe.jus.br/eleicoes/eleicoes-2018/eleicoes-2018&sa=U&ved=0ahUKEwiUw7jX0cTdAhXHf5AKHd-8A384PBAWCD0wCA&usg=AOvVaw0OfdIs22j381RtTwQQAvsz
Eleições 2018: aferição de popularidade do Google Trends aponta ...; /url?q=https://www2.pbagora.com.br/noticia/politica/20180917152436/eleicoes-2018-afericao-de-popularidade-do-google-trends-aponta-lideranca-de-joao-na-web-com-47-seguido-de-ze-maranhao-com-30&sa=U&ved=0ahUKEwiUw7jX0cTdAhXHf5AKHd-8A384PBAWCEIwCQ&usg=AOvVaw0qRGC6xJMGYSvp611Kw1Gg
Índice - 1 - 2018 - Eleições - Presidente - Datafolha; /url?q=http://datafolha.folha.uol.com.br/eleicoes/2018/presidente/indice-1.shtml&sa=U&ved=0ahUKEwjZ5_HX0cTdAhWCTJAKHd_ZAjg4RhAWCBQwAA&usg=AOvVaw054zERctzr3qigNOMgK2Vw
Eleições 2018; /url?q=https://www.eleicoes2018.com/&sa=U&ved=0ahUKEwjZ5_HX0cTdAhWCTJAKHd_ZAjg4RhAWCBowAQ&usg=AOvVaw0WiMlaGGqTb6EWgHRrDTNm
Eleições 2018: a armadilha do voto útil e o desafio da esquerda ...; /url?q=https://blogdaboitempo.com.br/2018/09/14/eleicoes-2018-a-armadilha-do-voto-util-e-o-desafio-da-esquerda/&sa=U&ved=0ahUKEwjZ5_HX0cTdAhWCTJAKHd_ZAjg4RhAWCB8wAg&usg=AOvVaw3uc8DOn0nYBIwggrI5mW77
Resultados das pesquisas eleitorais para presidente XP/Ipespe ...; /url?q=https://www.infomoney.com.br/mercados/politica/noticia/7513479/resultados-das-pesquisas-eleitorais-para-presidente-xpipespe&sa=U&ved=0ahUKEwjZ5_HX0cTdAhWCTJAKHd_ZAjg4RhAWCCUwAw&usg=AOvVaw3B9YZrJoYj_eJlNdPeHbzO
Eleições 2018 Archives - Agência Lupa - Uol; /url?q=https://piaui.folha.uol.com.br/lupa/category/eleicoes-2018/&sa=U&ved=0ahUKEwjZ5_HX0cTdAhWCTJAKHd_ZAjg4RhAWCCowBA&usg=AOvVaw3Rf58dSndt-Rm9v9Whvnly
Eleições 2018 — Tribunal Regional Eleitoral de Roraima; /url?q=http://www.tre-rr.jus.br/eleicoes/eleicoes-2018/eleicoes-2018-1&sa=U&ved=0ahUKEwjZ5_HX0cTdAhWCTJAKHd_ZAjg4RhAWCC8wBQ&usg=AOvVaw1ndG7PvUqnGZOFG3QvIKlc
Match Eleitoral - Folha - Eleições 2018 - Encontre seu deputado ...; /url?q=https://matcheleitoral.folha.uol.com.br/%3F&sa=U&ved=0ahUKEwjZ5_HX0cTdAhWCTJAKHd_ZAjg4RhAWCDQwBg&usg=AOvVaw2Uv_Udl5TK3Jy1Yq_iEFhx
TRE-PR - Treinamento de Mesários - Eleições 2018 — Portal da ...; /url?q=http://www.justicaeleitoral.jus.br/videos/tre-pr-treinamento-de-mesarios-eleicoes-2018&sa=U&ved=0ahUKEwjZ5_HX0cTdAhWCTJAKHd_ZAjg4RhC3Agg6MAc&usg=AOvVaw0lxoCgdP5jg1VoZaxkaWot
Eleicoes 2018 | Últimas Notícias do Brasil e do Mundo - Yahoo ...; /url?q=https://br.noticias.yahoo.com/tagged/eleicoes-2018/&sa=U&ved=0ahUKEwjZ5_HX0cTdAhWCTJAKHd_ZAjg4RhAWCD0wCA&usg=AOvVaw1VY4yQT8saBn0k-fIQMR9c
Eleições 2018 | RedeTV!; /url?q=https://www.redetv.uol.com.br/jornalismo/eleicoes2018/blog/&sa=U&ved=0ahUKEwjZ5_HX0cTdAhWCTJAKHd_ZAjg4RhAWCEIwCQ&usg=AOvVaw2pBozWs1bR-ZZSA6UJw2y9
Eleições 2018 - A12.com; /url?q=http://www.a12.com/eleicoes&sa=U&ved=0ahUKEwiL0KrY0cTdAhUEHJAKHcdKBU04UBAWCBQwAA&usg=AOvVaw1bT-BjlJ_ngZDUgVGLyvgG
Eleições 2018: alguns dos candidatos com os nomes mais ...; /url?q=https://www.megacurioso.com.br/ciencia/109110-eleicoes-2018-alguns-dos-candidatos-com-os-nomes-mais-engracados.htm&sa=U&ved=0ahUKEwiL0KrY0cTdAhUEHJAKHcdKBU04UBAWCBkwAQ&usg=AOvVaw1ct8JLrpyFDLc3QArkn4YN
NE - Eleições 2018 NE Notícias; /url?q=http://www.nenoticias.com.br/indice_eleicoes.html&sa=U&ved=0ahUKEwiL0KrY0cTdAhUEHJAKHcdKBU04UBAWCB8wAg&usg=AOvVaw0zPahU52sJTPffBqWiGWmP
 Eleições 2018     - Google Trends; /url?q=https://trends.google.com.br/trends/story/US_cu_JbChFWIBAADmJM_en&sa=U&ved=0ahUKEwiL0KrY0cTdAhUEHJAKHcdKBU04UBAWCCUwAw&usg=AOvVaw2atO8Hmtl-yjTGjMS4sFPP
Eleições 2018: projeto do Google mostra detalhes sobre buscas aos ...; /url?q=https://www.opovo.com.br/noticias/colunas/tecnosfera/2018/09/eleicoes-2018-entenda-as-buscas-do-google-por-cada-candidato.html&sa=U&ved=0ahUKEwiL0KrY0cTdAhUEHJAKHcdKBU04UBAWCCswBA&usg=AOvVaw2T3VOuAKxF7111n9crYjFY
Notícias ao Minuto Brasil - Eleições 2018: voto nulo e branco é o ...; /url?q=https://www.noticiasaominuto.com.br/brasil/653036/eleicoes-2018-voto-nulo-e-branco-e-o-mais-forte-em-16-anos&sa=U&ved=0ahUKEwiL0KrY0cTdAhUEHJAKHcdKBU04UBAWCDEwBQ&usg=AOvVaw0rqdryFLGjNN3flM7rYK2z
Eleições 2018: o que você precisa saber sobre Fernando Haddad; /url?q=https://catracalivre.com.br/cidadania/eleicoes-2018-o-que-voce-precisa-saber-sobre-fernando-haddad/&sa=U&ved=0ahUKEwiL0KrY0cTdAhUEHJAKHcdKBU04UBAWCDcwBg&usg=AOvVaw2oIZS7gA_2AaoB5lziSyvY
Em quem votar? Apps ajudam a escolher candidato nas Eleições ...; /url?q=https://www.techtudo.com.br/listas/2018/09/em-quem-votar-apps-ajudam-a-escolher-candidato-nas-eleicoes-2018.ghtml&sa=U&ved=0ahUKEwiL0KrY0cTdAhUEHJAKHcdKBU04UBAWCD0wBw&usg=AOvVaw1Fs20XFHPJz1sPy0odJ-6f
Eleições 2018: Pesquisa Ibope aponta reação de Armando ...; /url?q=https://www.carlosbritto.com/eleicoes-2018-pesquisa-ibope-aponta-reacao-de-armando-monteiro-contra-paulo-camara-e-empate-no-2o-turno/&sa=U&ved=0ahUKEwiL0KrY0cTdAhUEHJAKHcdKBU04UBAWCEMwCA&usg=AOvVaw2Z0GRNwQT5Xybggn_aVlzs
Lula será 'grande conselheiro' do governo, diz Haddad em Curitiba ...; /url?q=https://www.gazetaonline.com.br/noticias/politica/eleicoes_2018/2018/09/lula-sera--grande-conselheiro--do-governo-diz-haddad-em-curitiba-1014148573.html&sa=U&ved=0ahUKEwiL0KrY0cTdAhUEHJAKHcdKBU04UBAWCEkwCQ&usg=AOvVaw0XjquTjkqnAciQfN8WWy0N
Bolsonaro lidera em nova pesquisa e Haddad ultrapassa Ciro - Bonde; /url?q=https://www.bonde.com.br/bondenews/politica/bolsonaro-lidera-em-nova-pesquisa-e-haddad-ultrapassa-ciro-483333.html&sa=U&ved=0ahUKEwicy-HY0cTdAhUBgJAKHTs5DQY4WhAWCBQwAA&usg=AOvVaw3HGp5kdPBNXwtKEnhKKg5E
Eleições 2018 - Correio do Estado; /url?q=https://www.correiodoestado.com.br/eleicoes-2018/&sa=U&ved=0ahUKEwicy-HY0cTdAhUBgJAKHTs5DQY4WhAWCBYwAQ&usg=AOvVaw3MiEEweW3v0fYV0qnzZmaU
Saúde e educação são os temas mais procurados sobre as eleições ...; /url?q=https://noticias.r7.com/tecnologia-e-ciencia/saude-e-educacao-sao-os-temas-mais-procurados-sobre-as-eleicoes-2018-17092018&sa=U&ved=0ahUKEwicy-HY0cTdAhUBgJAKHTs5DQY4WhAWCBswAg&usg=AOvVaw1oWiiEMXOvNncTk5jYRV33
Arquivos Eleições 2018 - CBN Curitiba - A Rádio que toca notícia.; /url?q=https://cbncuritiba.com/category/eleicoes-2018/&sa=U&ved=0ahUKEwicy-HY0cTdAhUBgJAKHTs5DQY4WhAWCCEwAw&usg=AOvVaw1D1r8KAhWXaBOsEuPwg3Of
Eleições 2018: a armadilha do voto útil e o desafio da esquerda - PCB; /url?q=https://pcb.org.br/portal2/20854/eleicoes-2018-a-armadilha-do-voto-util-e-o-desafio-da-esquerda/&sa=U&ved=0ahUKEwicy-HY0cTdAhUBgJAKHTs5DQY4WhAWCCYwBA&usg=AOvVaw2Bx0LHS09AyvqXsb4fLm6O
Eleições 2018: Se eleito, o que o seu presidenciável fará a respeito ...; /url?q=https://www.xapuri.info/ameacas-ambientais/aquecimento-global-candidato-eleicoes-2018/&sa=U&ved=0ahUKEwicy-HY0cTdAhUBgJAKHTs5DQY4WhAWCCwwBQ&usg=AOvVaw06mqRInrdQGvS7QDLZrPYm
Eleições 2018: analista acredita nas eleições de dois deputados ...; /url?q=http://www.blogdoanderson.com/2018/09/18/eleicoes-2018-analista-acredita-nas-eleicoes-de-dois-deputados-federais-e-tres-estaduais-em-vitoria-da-conquista/&sa=U&ved=0ahUKEwicy-HY0cTdAhUBgJAKHTs5DQY4WhAWCDIwBg&usg=AOvVaw0_lCPJNgL5upGhKtuBtaJa
Mourão: é preciso relevar fala de Bolsonaro sobre contestar ... - JB; /url?q=http://www.jb.com.br/pais/eleicoes_2018/2018/09/7112-mourao-e-preciso-relevar-fala-de-bolsonaro-sobre-contestar-resultado-da-eleicao.html&sa=U&ved=0ahUKEwicy-HY0cTdAhUBgJAKHTs5DQY4WhAWCDgwBw&usg=AOvVaw1s31AMejnk--Zq4hozjUbw
Eleições 2018: voto nulo e branco é o mais forte em 16 anos - Diário ...; /url?q=https://www.diariodosertao.com.br/noticias/politica/277973/eleicoes-2018-voto-nulo-e-branco-e-o-mais-forte-em-16-anos.html&sa=U&ved=0ahUKEwicy-HY0cTdAhUBgJAKHTs5DQY4WhAWCD4wCA&usg=AOvVaw3-0bF6O5ar3f1mJzNApok2
Eleições 2018 mudam início de horário de verão - Primeiro Plano ...; /url?q=https://www.hojeemdia.com.br/primeiro-plano/elei%25C3%25A7%25C3%25B5es-2018-mudam-in%25C3%25ADcio-de-hor%25C3%25A1rio-de-ver%25C3%25A3o-1.656092&sa=U&ved=0ahUKEwicy-HY0cTdAhUBgJAKHTs5DQY4WhAWCEQwCQ&usg=AOvVaw3Y8hqG1mnsWvZJJ8VHR9GX
TSE não aprova candidaturas independentes para as eleições 2018; /url?q=https://www.patosja.com.br/noticias/patos-de-minas/politica/tse-nao-aprova-candidaturas-independentes-para-as-eleicoes-2018&sa=U&ved=0ahUKEwir-JnZ0cTdAhXJhpAKHZY0D5g4ZBAWCBQwAA&usg=AOvVaw2oZB7ynpefgff76eoVoqJG
Folha Ao Vivo - Eleições 2018: Casa só com 'mãe e avó' é 'fábrica ...; /url?q=http://aovivo.folha.uol.com.br/2018/09/18/5508-aovivo.shtml&sa=U&ved=0ahUKEwir-JnZ0cTdAhXJhpAKHZY0D5g4ZBAWCBowAQ&usg=AOvVaw3Xs2_SIsNCh6gt7xGeTL_s
Evento discutirá as eleições 2018 sob a ótica da Ciência Política, do ...; /url?q=https://www.ufsm.br/2018/09/17/evento-discutira-as-eleicoes-2018-sob-a-otica-da-ciencia-politica-do-direito-e-da-sociologia/&sa=U&ved=0ahUKEwir-JnZ0cTdAhXJhpAKHZY0D5g4ZBAWCCAwAg&usg=AOvVaw05JWJYnRq09UmaUk4QsTEm
Eleições 2018: Saiba por que Minas está na rota dos ...; /url?q=https://www.em.com.br/app/noticia/politica/2018/09/13/interna_politica,988383/eleicoes-2018-saiba-por-que-minas-esta-na-rota-dos-presidenciaveis.shtml&sa=U&ved=0ahUKEwir-JnZ0cTdAhXJhpAKHZY0D5g4ZBAWCCYwAw&usg=AOvVaw0amVRr2dMs6zjqmj6gJuzn
Eleições 2018: Em Eunápolis, José Ronaldo denuncia abandono ...; /url?q=http://www.jornalgrandebahia.com.br/2018/09/eleicoes-2018-em-eunapolis-jose-ronaldo-denuncia-abandono-da-upa/&sa=U&ved=0ahUKEwir-JnZ0cTdAhXJhpAKHZY0D5g4ZBAWCCwwBA&usg=AOvVaw1QGrKZm_V900VMjt2d7-Kw
Eleições 2018: candidato ao Governo de Sergipe Eduardo Amorim ...; /url?q=http://itnet.com.br/noticia/36752/eleicoes-2018-candidato-ao-governo-de-sergipe-eduardo-amorim-sera-o-entrevistado-de-hoje-18-no-itnet-noticias&sa=U&ved=0ahUKEwir-JnZ0cTdAhXJhpAKHZY0D5g4ZBAWCDEwBQ&usg=AOvVaw24ybWHdXheM31Le6WLB_zL
TRE-TO finaliza julgamento dos registros de candidaturas para as ...; /url?q=https://www.jmnoticia.com.br/2018/09/18/tre-to-finaliza-julgamento-dos-registros-de-candidaturas-para-as-eleicoes-2018/&sa=U&ved=0ahUKEwir-JnZ0cTdAhXJhpAKHZY0D5g4ZBAWCDcwBg&usg=AOvVaw3KdcquPkDIjj06hdh1z_sj
Veja onde estão os presidenciáveis nesta terça-feira (18) - Eleições ...; /url?q=https://www.destakjornal.com.br/brasil/eleicoes-2018/detalhe/veja-onde-estao-os-presidenciaveis-nesta-terca-feira-18&sa=U&ved=0ahUKEwir-JnZ0cTdAhXJhpAKHZY0D5g4ZBAWCD0wBw&usg=AOvVaw3xEOvPa9xMMjomhm8UlcT6
Eleições 2018: Carta aberta à Igreja Brasileira • Voltemos ao ...; /url?q=https://voltemosaoevangelho.com/blog/2018/09/eleicoes-2018-carta-aberta-a-igreja-brasileira/&sa=U&ved=0ahUKEwir-JnZ0cTdAhXJhpAKHZY0D5g4ZBAWCEIwCA&usg=AOvVaw27Mg6JuNwH9ZMdi28bQSgy
Roda Viva - 17/09/2018: na série "Desafios – Eleições 2018", um ...; /url?q=https://entretenimento.oportaln10.com.br/roda-viva-17-09-2018-na-serie-desafios-eleicoes-2018-um-debate-sobre-economia-82403/&sa=U&ved=0ahUKEwir-JnZ0cTdAhXJhpAKHZY0D5g4ZBAWCEgwCQ&usg=AOvVaw34pCaykj2r4C3ETFr2QTRI
Eleições 2018 no Brasil: datas, novas regras e candidatos; /url?q=http://investimentosenoticias.com.br/eleicoes/eleicoes-2018-brasil&sa=U&ved=0ahUKEwifxtHZ0cTdAhUGlZAKHejNDLQ4bhAWCBQwAA&usg=AOvVaw1etfLHj4BsnlAlQeRnJ01r
Eleições 2018 - Justificativa eleitoral durante uma viagem; /url?q=http://www.vidadeturista.com/artigos/eleicoes-2018-justificativa-eleitoral-em-viagem.html&sa=U&ved=0ahUKEwifxtHZ0cTdAhUGlZAKHejNDLQ4bhAWCBowAQ&usg=AOvVaw26i-W0EJosrfmP8mD9xYOZ
Bolsonaro está fora das eleições 2018 por causa de condenação ...; /url?q=https://www.boatos.org/politica/maria-do-rosario-bolsonaro-2018.html&sa=U&ved=0ahUKEwifxtHZ0cTdAhUGlZAKHejNDLQ4bhAWCCAwAg&usg=AOvVaw1ViikzL_yvnLM4cFPOVaU-
Eleições 2018: fique de olho nos prazos — Tribunal Regional ...; /url?q=http://www.tre-se.jus.br/imprensa/noticias-tre-se/2018/Junho/eleicoes-2018-fique-de-olho-nos-prazos&sa=U&ved=0ahUKEwifxtHZ0cTdAhUGlZAKHejNDLQ4bhAWCCYwAw&usg=AOvVaw1ImignGeHkYWINd6Sba08W
Propostas da Indústria para as Eleições 2018 - Portal da Indústria; /url?q=http://www.portaldaindustria.com.br/cni/canais/propostas-da-industria-para-eleicoes-2018/&sa=U&ved=0ahUKEwifxtHZ0cTdAhUGlZAKHejNDLQ4bhAWCCwwBA&usg=AOvVaw05wa-BnyUWv330n2pBDEhr
Eleições 2018: compromisso e esperança - CNBB; /url?q=http://www.cnbb.org.br/eleicoes-2018-compromisso-e-esperanca/&sa=U&ved=0ahUKEwifxtHZ0cTdAhUGlZAKHejNDLQ4bhAWCDIwBQ&usg=AOvVaw2KDQJGgPxELfbJx11Sm0kh
Imagens de eleições 2018; /search?q=elei%C3%A7%C3%B5es+2018&sa=N&biw=1280&bih=496&ie=UTF-8&prmd=ivns&tbm=isch&tbo=u&source=univ&ved=0ahUKEwifxtHZ0cTdAhUGlZAKHejNDLQ4bhCwBAg4
1º Reportagem da série Eleições 2018: as funções dos deputados ...; /url?q=http://www.tnh1.com.br/video/vid/1o-reportagem-da-serie-eleicoes-2018-as-funcoes-dos-deputados-federais-e-estaduais-3/&sa=U&ved=0ahUKEwifxtHZ0cTdAhUGlZAKHejNDLQ4bhC3AghDMAo&usg=AOvVaw1zkqJ1n35dp7TO7YlICic8
Evolution of The World Factbook 2018 Em português: The Evolution ... - Resultado da Pesquisa de livros Google; https://books.google.com.br/books?id=IxNQDwAAQBAJ&pg=PT188&lpg=PT188&dq=elei%C3%A7%C3%B5es+2018&source=bl&ots=en5URBkG0T&sig=LQyzhWo3DyH6U3nWfrW3YuHPhcQ&hl=pt-BR&sa=X&ved=0ahUKEwiB6ova0cTdAhWJEJAKHYb-DgI4eBDoAQgUMAA
Regimento Interno da Câmara Legislativa do DF Comentado - Resultado da Pesquisa de livros Google; https://books.google.com.br/books?id=0xYuDwAAQBAJ&pg=PT16&lpg=PT16&dq=elei%C3%A7%C3%B5es+2018&source=bl&ots=5ogUy2U3p-&sig=y6tACLAXwIUXv-M3x5fxhSWjs28&hl=pt-BR&sa=X&ved=0ahUKEwiB6ova0cTdAhWJEJAKHYb-DgI4eBDoAQgXMAE
Direito Eleitoral Para Concursos - Resultado da Pesquisa de livros Google; https://books.google.com.br/books?id=RxKjMzgic2sC&pg=PA84&lpg=PA84&dq=elei%C3%A7%C3%B5es+2018&source=bl&ots=qpJV1WTdeC&sig=qiLzEa-JKTE7aJzykXYnp72oO_4&hl=pt-BR&sa=X&ved=0ahUKEwiB6ova0cTdAhWJEJAKHYb-DgI4eBDoAQgaMAI
Eleições: Atualizada até abril de 2018 - Resultado da Pesquisa de livros Google; https://books.google.com.br/books?id=HERmDwAAQBAJ&pg=PA137&lpg=PA137&dq=elei%C3%A7%C3%B5es+2018&source=bl&ots=QTl_RynHjg&sig=Z0axhgEZNITgiMyq53-HPIc7N7k&hl=pt-BR&sa=X&ved=0ahUKEwiB6ova0cTdAhWJEJAKHYb-DgI4eBDoAQgcMAM
Vontade popular e democracia: Candidatura Lula? - Resultado da Pesquisa de livros Google; https://books.google.com.br/books?id=1PtoDwAAQBAJ&pg=PT180&lpg=PT180&dq=elei%C3%A7%C3%B5es+2018&source=bl&ots=uDCP30YG9k&sig=pZPJdCK5oKBduu9b3-QX2ln0Jac&hl=pt-BR&sa=X&ved=0ahUKEwiB6ova0cTdAhWJEJAKHYb-DgI4eBDoAQgfMAQ
