Name;URL
Grupo de vendas online criado por Jack Ma Respostas ...;https://codycrossanswers.org/pt/grupo-de-vendas-online-criado-por-jack-ma-respostas
Como vender pelo PagSeguro? - Dúvidas | PagSeguro;https://faq.pagseguro.uol.com.br/duvida/como-vender-pelo-pagseguro/116
Campanhas de vendas online: Os 3 tipos para você vender todos os ...;https://alessandrobarros.me/campanhas-de-vendas-online/
E-Commerce brasileiro representa 60% das vendas online na ...;https://www.dcg.com.br/blog/noticias/e-commerce-brasileiro-representa-60-das-vendas-online-na-america-latina/
Guia prático para aumentar o faturamento das vendas online - Blog ...;http://blog.gazinatacado.com.br/vendas-online/
Qual o Custo e Como Um Blog de Vendas Online Ajuda Seu E ...;https://www.agenciaclave.com.br/blog-de-vendas-online/
Máquina Cartão de Crédito e Débito e Pagamentos Online | Rede;https://www.userede.com.br/nossos-produtos
Campanhas de Vendas Online - Consultoria em Marketing Digital ...;https://paulov.com.br/lp/consultoria-premium-de-campanhas-de-vendas-online/
Vendas Online - Família Rosa Vende Tudo;http://familiarosavendetudo.com.br/vendas-online-frvt.php
Aumentar as Vendas Online | Ciclo Agência Digital;https://www.cicloagenciadigital.com.br/solucoes/aumentar-vendas-online
Como criar um site de vendas - O passo a passo para vender online;https://www.guiadeecommerce.com.br/como-criar-um-site-de-vendas/
Canais de vendas online • Ribnet Criação de Sites | Marketing ...;http://ribnet.com.br/e-commerce/canais-de-vendas-online
Como escrever os Termos e Condições de Venda de Produtos na ...;https://moip.com.br/blog/termos-e-condicoes-de-vendas-online/
Cliente online responde por metade das vendas da MRV em maio;https://economia.estadao.com.br/blogs/coluna-do-broad/cliente-online-responde-por-metade-das-vendas-da-mrv-em-maio/
Vaga de emprego de Vendas Online em São Paulo ,- SP - InfoJobs;https://www.infojobs.com.br/vaga-de-vendas-online-em-sao-paulo__5999946.aspx
Marketing e Vendas « Cursos « FGV Online;http://www5.fgv.br/fgvonline/Cursos/AreaConhecimento/Marketing/
A Máquina De Vendas Online Vs Fórmula Negócio Online - Adones ...;https://www.adoneslima.com.br/2018/05/27/a-maquina-de-vendas-online-vs-formula-negocio-online-3/
Consultoria em Vendas Online | Tôkis Digital;https://www.tokisdigital.com.br/
Política de Vendas Online da Starkey - Aparelhos Auditivos Starkey;https://www.starkey.com.br/politica-de-vendas-da-internet
Como aumentar as vendas na internet e alavancar seu e commerce;http://www.linksexperts.com.br/blog/vendas-online/como-aumentar-vendas-internet/
Suporte para Vendas Online | COMARCH SA;https://www.comarch.com.br/automacao-da-forca-de-vendas/suporte-para-vendas-online/
Venda Moda Online - Estratégias em gestão e marketing digital para ...;https://vendamodaonline.com.br/
Vendas online não param de crescer e são o caminho para o sucesso;https://maringa.odiario.com/economia/2017/11/vendas-online-nao-param-de-crescer-e-sao-o-caminho-para-o-sucesso/2433480/
Previsto um grande aumento das vendas online no Brasil | Lead ...;https://www.adsalsa.com/br/blog/previsto-um-grande-aumento-das-vendas-online-no-brasil/
Vender Online - Spiner Agência de Marketing Digital;https://www.spiner.com.br/servicos/objetivos/vendas-online/
Máquina de Vendas Online - Veja Como Criar a Sua!;https://mundodigitalbox.com/maquina-de-vendas-online/
Compre no Brás sem sair de casa: 10 lojas online da região;https://catracalivre.com.br/economize/compre-no-bras-sem-sair-de-casa-10-lojas-online-da-regiao/
Vendas online: 3 técnicas de persuasão usadas por todo ...;https://maispersuasao.com.br/vendas-online
21 Segredos Poderosos para Aumentar suas Vendas Online;https://aulaplus.com.br/segredos-aumentar-vendas-online/
⇒ A Máquina De Vendas Online Funciona? É Confiável ...;https://carreiraeempreendedorismo.com/a-maquina-de-vendas-online/
Vendas online: solução em tempos de crise! E-commerce é uma ...;https://blog.flexy.com.br/vendas-online-solucao-em-tempos-de-crise-2/
Quero vender na internet. Como faço? | - Blog do PagSeguro;https://blogpagseguro.com.br/2014/05/quero-vender-na-internet-como-faco/
Como salvar suas vendas online com um clube de assinatura ...;https://www.secnet.com.br/blog/como-salvar-suas-vendas-online-com-um-clube-de-assinatura
Controle de Vendas e Estoque - Funcionalidades | ContaAzul;https://contaazul.com/funcionalidades/controle-vendas/
Nuvem Shop - Crie sua loja virtual e venda pela internet;https://www.nuvemshop.com.br/
Negócio online ou offline: qual deles gera mais resultados em ...;https://workconnection.com.br/blog/negocio-online-ou-offline-qual-deles-gera-mais-resultados-em-vendas/
"Hirota expande serviço de ""shopper"" para vendas online - Newtrade";https://newtrade.com.br/tecnologia/hirota-expande-servico-de-shopper-para-vendas-online/
A Máquina de Vendas Online Funciona? Descubra a Verdade!;https://www.vicentesampaio.com.br/marketingdigital/a-maquina-de-vendas-online/
Vendas online: saiba como receber pagamentos em sua conta ...;https://www.formasdepagamento.com/artigo/vendas-online/
Vendas online da Natura crescem mais de 150% no segundo ...;https://www.valor.com.br/empresas/5056604/vendas-online-da-natura-crescem-mais-de-150-no-segundo-trimestre
Será que as vendas online podem salvar o varejo? - Blog Vindi;https://blog.vindi.com.br/sera-que-as-vendas-online-podem-salvar-o-varejo/
Porque uma loja física deve abrir um canal de vendas online ...;https://quatrodigital.com/blog/abrir-um-canal-de-vendas-online/
Vendas Online de Eventos: 10 Táticas para Dobrar as Vendas de ...;https://www.eventbrite.com.br/blog/marketing/como-dobrar-as-vendas-online-de-eventos-ds0c/
E-commerce: Como o foco pode aumentar suas vendas online ...;https://www.vendamais.com.br/e-commerce-como-aumentar-suas-vendas-online/
Investir em Vendas Online é Um Bom Negócio? | Geração Interativa;http://geracaointerativa.com.br/noticias-marketing-digital/339-investir-em-vendas-online-e-bom-negocio.html
Magazine Você - A forma de ganhar sua renda extra ao trabalhar ...;https://www.magazinevoce.com.br/
Vendas Online | MRV Engenharia;https://m.mrv.com.br/imoveis/vendas-online
Máquina de Vendas Online 2.0 Gera R$ 10.000,00 por mês?;http://vidadeafiliado.com/maquina-de-vendas-online/
Alavancando Vendas Online: Evento discute potencialidades do e ...;https://www.erpflex.com.br/blog/alavancando-vendas
45% das vendas online no brasil envolvem dois ou mais ... - Criteo;https://www.criteo.com/br/news/press-releases/2017/03/45-das-vendas-online-no-brasil-envolvem-dois-ou-mais-dispositivos/
Rede Natura | Compre online perfumes, maquiagens, cosméticos e ...;http://rede.natura.net/
