Vendas online: as melhores estratégias para vender pela internet; /url?q=https://blog.hotmart.com/pt-br/como-fazer-primeira-venda-online/&sa=U&ved=0ahUKEwiegp2c0sTdAhUBS5AKHXjOCHkQFggzMAA&usg=AOvVaw3HbW7WPsL6s2C_J9AqkB93
O que é preciso para trabalhar com vendas online sem sair de casa?; /url?q=https://www.escoladeecommerce.com/artigos/trabalhar-com-vendas-online-em-casa/&sa=U&ved=0ahUKEwiegp2c0sTdAhUBS5AKHXjOCHkQFgg5MAE&usg=AOvVaw0_O0DfV62qXr-qVCg1m7B-
20 Melhores sites para fazer vendas online com chat online | JivoChat; /url?q=https://www.jivochat.com.br/blog/ecommerce/sites-para-fazer-vendas-online.html&sa=U&ved=0ahUKEwiegp2c0sTdAhUBS5AKHXjOCHkQFgg_MAI&usg=AOvVaw2WCvqEAtAYLseu_fk7Cs6K
Dez dicas de sucesso para vender na internet | Sebrae; /url?q=http://www.sebrae.com.br/sites/PortalSebrae/artigos/dez-dicas-de-sucesso-para-vender-na-internet,2171ce6326c0a410VgnVCM1000003b74010aRCRD&sa=U&ved=0ahUKEwiegp2c0sTdAhUBS5AKHXjOCHkQFghFMAM&usg=AOvVaw1YVsvQxjVyokugLkQlRgSG
Vendas online: como o consumidor pode encontrar seu site; /url?q=https://resultadosdigitais.com.br/blog/vendas-online/&sa=U&ved=0ahUKEwiegp2c0sTdAhUBS5AKHXjOCHkQFghKMAQ&usg=AOvVaw2PnkCbGo43t3WxPLPYcc7G
5 tendências em vendas online para 2018 - Digitalks; /url?q=https://digitalks.com.br/artigos/5-tendencias-em-vendas-online-para-2018/&sa=U&ved=0ahUKEwiegp2c0sTdAhUBS5AKHXjOCHkQFghQMAU&usg=AOvVaw00dGuEAhFrqvhjVuE7Mrf4
Venda online - Shopify; /url?q=https://pt.shopify.com/online&sa=U&ved=0ahUKEwiegp2c0sTdAhUBS5AKHXjOCHkQFghWMAY&usg=AOvVaw004j4UeI1Bvs2bpm45_H_U
Vendas Online: Guia Completo Para Quem Quer Vender Pela Internet; /url?q=https://neilpatel.com/br/blog/vendas-online-guia-completo/&sa=U&ved=0ahUKEwiegp2c0sTdAhUBS5AKHXjOCHkQFghcMAc&usg=AOvVaw0MfHuE1OocCrigVu_35pYw
Vendas Online - Como Fazer - Novo Negócio; /url?q=https://novonegocio.com.br/vendas/vendas-online/&sa=U&ved=0ahUKEwiegp2c0sTdAhUBS5AKHXjOCHkQFghhMAg&usg=AOvVaw0uT-VFO43xGhPihu6aC97w
VENDAS ONLINE | 3 ESTRATÉGIAS PARA VENDER MAIS ONLINE ...; /url?q=https://www.youtube.com/watch%3Fv%3D6TH9sc3aMJM&sa=U&ved=0ahUKEwiegp2c0sTdAhUBS5AKHXjOCHkQtwIIZzAJ&usg=AOvVaw1wTrll3tZ2GOR5JYK0-8fn
Venda pela internet e receba pagamentos pelo seu site ou loja ...; /url?q=https://pagseguro.uol.com.br/para-seu-negocio/online/&sa=U&ved=0ahUKEwjF68qc0sTdAhXRl5AKHQhGDxY4ChAWCBQwAA&usg=AOvVaw3S8Fj3CIdY6jluvnSxA1d7
Loja Integrada: Montar ou Criar Loja Virtual Grátis; /url?q=https://lojaintegrada.com.br/&sa=U&ved=0ahUKEwjF68qc0sTdAhXRl5AKHQhGDxY4ChAWCBkwAQ&usg=AOvVaw2jMeZEWEMFof4lDmu85W7z
Vendas online: 8 formas práticas de melhorar as suas e lucrar mais; /url?q=https://sambatech.com/blog/insights/vendas-online/&sa=U&ved=0ahUKEwjF68qc0sTdAhXRl5AKHQhGDxY4ChAWCB8wAg&usg=AOvVaw2HnU2O0l6VkijexCtl-WK5
Vendas online: 6 estratégias para atrair seus primeiros clientes; /url?q=https://ecommercedesucesso.com.br/vendas-online-primeiros-clientes/&sa=U&ved=0ahUKEwjF68qc0sTdAhXRl5AKHQhGDxY4ChAWCCUwAw&usg=AOvVaw2nNFWZczRuDlRADOWHP8b5
Vendas online - Receba pagamentos online e pelo celular - PayPal ...; /url?q=https://www.paypal.com/br/webapps/mpp/merchant&sa=U&ved=0ahUKEwjF68qc0sTdAhXRl5AKHQhGDxY4ChAWCCswBA&usg=AOvVaw3Zt-QEeJbfPX652O7vHZpA
Como alcançar mais vendas online | E-Commerce Brasil; /url?q=https://www.ecommercebrasil.com.br/artigos/como-vender-mais-online/&sa=U&ved=0ahUKEwjF68qc0sTdAhXRl5AKHQhGDxY4ChAWCDEwBQ&usg=AOvVaw31XXCAvCkWyLwZRD42FjHY
6 dicas para aumentar as vendas da sua loja online; /url?q=https://www.ecommercebrasil.com.br/artigos/6-dicas-para-aumentar-as-vendas-da-sua-loja-online/&sa=U&ved=0ahUKEwjF68qc0sTdAhXRl5AKHQhGDxY4ChAWCDcwBg&usg=AOvVaw0d98lwKrjRtgnRA2Kt5kDt
3 dicas para aumentar suas vendas online | Endeavor Brasil; /url?q=https://endeavor.org.br/operacoes/vendas-online/&sa=U&ved=0ahUKEwjF68qc0sTdAhXRl5AKHQhGDxY4ChAWCDwwBw&usg=AOvVaw1Fm0nUcpXpqdwRcWcx0erM
Vendas online: o que é preciso para ter sucesso - Blog Universo ...; /url?q=https://blog.olist.com/vendas-online-o-que-e-preciso-para-ter-sucesso/&sa=U&ved=0ahUKEwjF68qc0sTdAhXRl5AKHQhGDxY4ChAWCEIwCA&usg=AOvVaw2PrfWOCu659G9O0wv5Rwq1
Vendas Online: As 7 Melhores Estratégias Para Vender Mais; /url?q=https://www.empreendedor-digital.com/vendas-online&sa=U&ved=0ahUKEwjF68qc0sTdAhXRl5AKHQhGDxY4ChAWCEgwCQ&usg=AOvVaw0oURDUcRyiE1Af9qtJBTQk
Criar Loja Virtual UOL HOST: Mais vendas online em seu e ...; /url?q=https://uolhost.uol.com.br/loja-virtual.html&sa=U&ved=0ahUKEwjUtfec0sTdAhWEhJAKHYSpDfc4FBAWCBQwAA&usg=AOvVaw1FcoZbwawnHXMlscoYff5d
Vendas online - faça a escolha certa - Artigos - Empreendedorismo ...; /url?q=http://www.administradores.com.br/artigos/empreendedorismo/vendas-online-faca-a-escolha-certa/93239/&sa=U&ved=0ahUKEwjUtfec0sTdAhWEhJAKHYSpDfc4FBAWCBkwAQ&usg=AOvVaw1QLce8PDWhK1pNZXSrbWtC
Como vender pela internet: 9 regras de ouro para o sucesso; /url?q=https://conta.mobi/blog/como-vender-pela-internet-9-regras-para-o-sucesso/&sa=U&ved=0ahUKEwjUtfec0sTdAhWEhJAKHYSpDfc4FBAWCB8wAg&usg=AOvVaw27NJzdASzT5HZjEeigAsv8
Vendas Online: aprenda a importância delas | Liguesite; /url?q=https://www.liguesite.com.br/blog/vendas-online/&sa=U&ved=0ahUKEwjUtfec0sTdAhWEhJAKHYSpDfc4FBAWCCQwAw&usg=AOvVaw3gqnuOFgB_M7PkXyB8WfoV
Imagens de vendas online; /search?q=vendas+online&sa=N&biw=1280&bih=496&ie=UTF-8&prmd=ivns&tbm=isch&tbo=u&source=univ&ved=0ahUKEwjUtfec0sTdAhWEhJAKHYSpDfc4FBCwBAgq
Sympla - A Plataforma Online de Eventos - Inscrições e Venda de ...; /url?q=http://www.sympla.com.br/&sa=U&ved=0ahUKEwjUtfec0sTdAhWEhJAKHYSpDfc4FBAWCDYwCQ&usg=AOvVaw1NMCVbAKCJkS6KbRjBOdwH
Vendas online: 21 otimizações para você gerar mais receita; /url?q=https://viverdeblog.com/vendas-online/&sa=U&ved=0ahUKEwjUtfec0sTdAhWEhJAKHYSpDfc4FBAWCDswCg&usg=AOvVaw2_NadHdZ7AczBs3NOF8brR
7 segredos de ouro sobre como aumentar vendas online - Ciência ...; /url?q=http://www.gosupersonic.com.br/blog/como-aumentar-vendas-online/&sa=U&ved=0ahUKEwjUtfec0sTdAhWEhJAKHYSpDfc4FBAWCEEwCw&usg=AOvVaw1jNwQGLF7JiwEdz2OTYt73
A Máquina de Vendas Online - Atualizado 2018 com Bônus ...; /url?q=https://www.eudigital.co/a-maquina-de-vendas-online-tiago-bastos/&sa=U&ved=0ahUKEwjUtfec0sTdAhWEhJAKHYSpDfc4FBAWCEYwDA&usg=AOvVaw1hXQ8s7OqpLr6NLyqdCLeK
VENDAS ONLINE.COM | Perfil oficial do vendedor em Mercado ...; /url?q=https://perfil.mercadolivre.com.br/VENDAS%2BONLINE.COM&sa=U&ved=0ahUKEwjUtfec0sTdAhWEhJAKHYSpDfc4FBAWCEswDQ&usg=AOvVaw1jszfnkfU96a6atuT1pUMM
E-commerce: como criar, dicas de vendas online e lojas virtuais ...; /url?q=https://www.terra.com.br/economia/e-commerce/&sa=U&ved=0ahUKEwjBxaKd0sTdAhXLDZAKHYFNDAA4HhAWCBQwAA&usg=AOvVaw0Hz6JfPfBIEVOaSkvPXXxl
Comércio on-line – Wikipédia, a enciclopédia livre; /url?q=https://pt.wikipedia.org/wiki/Com%25C3%25A9rcio_on-line&sa=U&ved=0ahUKEwjBxaKd0sTdAhXLDZAKHYFNDAA4HhAWCBkwAQ&usg=AOvVaw3C_NjDBIkmD8uXVHAUVKMi
vendas online na Saraiva; /url?q=https://busca.saraiva.com.br/q/vendas-online&sa=U&ved=0ahUKEwjBxaKd0sTdAhXLDZAKHYFNDAA4HhAWCB8wAg&usg=AOvVaw3kgF9UBtflZ2Dr9_uJLDGK
Diferencial Competitivo para vendas online: como definir o meu ...; /url?q=https://blog.gs1br.org/diferencial-competitivo-para-vendas-online-como-definir-o-meu/&sa=U&ved=0ahUKEwjBxaKd0sTdAhXLDZAKHYFNDAA4HhAWCCQwAw&usg=AOvVaw3DzX7TvEeFYqQgTZcIai3W
Vendas online ( faial, Horta) Public Group | Facebook; /url?q=https://www.facebook.com/groups/1416191178642777/&sa=U&ved=0ahUKEwjBxaKd0sTdAhXLDZAKHYFNDAA4HhAWCCkwBA&usg=AOvVaw2Uwgz6RPToGvkbxTOWee_u
Vendas Online (Pico) Public Group | Facebook; /url?q=https://www.facebook.com/groups/680587882006696/&sa=U&ved=0ahUKEwjBxaKd0sTdAhXLDZAKHYFNDAA4HhAWCCswBQ&usg=AOvVaw1y8atj0ixieaxEcUclxnvS
Vendas online levam shoppings a se reinventar e focar logística - 14 ...; /url?q=https://www1.folha.uol.com.br/mercado/2018/07/vendas-online-levam-shoppings-a-se-reinventar-e-focar-em-logistica.shtml&sa=U&ved=0ahUKEwjBxaKd0sTdAhXLDZAKHYFNDAA4HhAWCDAwBg&usg=AOvVaw046QmA0BJSjLXuTxndXECM
Venda Online Amil; /url?q=https://vendas.amil.com.br/&sa=U&ved=0ahUKEwjBxaKd0sTdAhXLDZAKHYFNDAA4HhAWCDYwBw&usg=AOvVaw3r1ls2M7WNKXNtH6he1reZ
6 dicas para turbinar suas vendas online em tempos de crise - E ...; /url?q=https://canaltech.com.br/e-commerce/6-dicas-para-turbinar-suas-vendas-online-em-tempos-de-crise/&sa=U&ved=0ahUKEwjBxaKd0sTdAhXLDZAKHYFNDAA4HhAWCDswCA&usg=AOvVaw2yxjvDDVpZMpaJIv1z4ADC
Mais de 400 vagas de Vendas Online | Indeed.com.br; /url?q=https://www.indeed.com.br/empregos-de-Vendas-Online&sa=U&ved=0ahUKEwjBxaKd0sTdAhXLDZAKHYFNDAA4HhAWCEAwCQ&usg=AOvVaw2yj4oGvnfDsq7N5FKyWBaJ
Impostos de uma venda online: saiba como calculá-los - eNotas; /url?q=http://enotas.com.br/blog/impostos-de-uma-venda-online/&sa=U&ved=0ahUKEwicudCd0sTdAhUHEJAKHVUuDwM4KBAWCBQwAA&usg=AOvVaw0tXIHwnydd19ldpGPIxG2K
Software automatiza parte mais trabalhosa das vendas online - Exame; /url?q=https://exame.abril.com.br/tecnologia/software-automatiza-parte-mais-trabalhosa-das-vendas-online/&sa=U&ved=0ahUKEwicudCd0sTdAhUHEJAKHVUuDwM4KBAWCBkwAQ&usg=AOvVaw1QzPJjOD-6-MS001AqRnxt
7 estratégias de vendas online que realmente funcionam; /url?q=https://www.lojavirtual.com.br/blog/7-estrategias-de-vendas-online-que-realmente-funcionam/&sa=U&ved=0ahUKEwicudCd0sTdAhUHEJAKHVUuDwM4KBAWCB8wAg&usg=AOvVaw2yqqi6Su335WjhJWRDfIdY
6 Táticas de vendas online usadas por grandes e-commerces; /url?q=https://meetime.com.br/blog/vendas/taticas-como-fazer-vendas-online/&sa=U&ved=0ahUKEwicudCd0sTdAhUHEJAKHVUuDwM4KBAWCCUwAw&usg=AOvVaw1W9snNu6ad39vL0z6z2m1j
Vagas de emprego para trabalhar com vendas online | VAGAS.com.br; /url?q=https://www.vagas.com.br/vagas-de-trabalhar-com-vendas-online&sa=U&ved=0ahUKEwicudCd0sTdAhUHEJAKHVUuDwM4KBAWCCswBA&usg=AOvVaw0KmmrmC8yt1Yk0k2CwE_iI
Ingresso Rápido - Compre o seu ingresso online; /url?q=http://www.ingressorapido.com.br/&sa=U&ved=0ahUKEwicudCd0sTdAhUHEJAKHVUuDwM4KBAWCDAwBQ&usg=AOvVaw3HdJt4B0OoIdqBEoEw1yZP
Curso de Plano de Vendas Online Grátis | Prime Cursos; /url?q=https://www.primecursos.com.br/plano-de-vendas/&sa=U&ved=0ahUKEwicudCd0sTdAhUHEJAKHVUuDwM4KBAWCDUwBg&usg=AOvVaw1hhwFnrRCxecT6zgcm7-On
Criar Loja Virtual | Site de Vendas | Wix.com; /url?q=https://pt.wix.com/ecommerce/loja-virtual&sa=U&ved=0ahUKEwicudCd0sTdAhUHEJAKHVUuDwM4KBAWCDowBw&usg=AOvVaw1v-cqJTbhz8k2_fsnPPnVj
Vendas pela internet aumentam 27% no 1º semestre - Época ...; /url?q=http://epocanegocios.globo.com/Revista/Common/0,,ERT88525-16355,00.html&sa=U&ved=0ahUKEwicudCd0sTdAhUHEJAKHVUuDwM4KBAWCDwwCA&usg=AOvVaw3ep1Lse62DhZhAZkmJfFYz
JL VENDAS ONLINE; /url?q=https://jlvendasonline.com/&sa=U&ved=0ahUKEwicudCd0sTdAhUHEJAKHVUuDwM4KBAWCEIwCQ&usg=AOvVaw0SNUHDHHGKr9QCp6-DPRsL
Pagamento por Link Cielo: envie links para efetuar cobranças; /url?q=https://www.cielo.com.br/e-commerce/pagamento-por-link/&sa=U&ved=0ahUKEwjV6oCe0sTdAhWKE5AKHaYYAoo4MhAWCBQwAA&usg=AOvVaw0cZwWjlwUx1RGQZycBGicM
Vagas de Emprego: Consultor de Vendas Online - Manager Empregos; /url?q=https://www.manager.com.br/empregos-consultor-de-vendas-online&sa=U&ved=0ahUKEwjV6oCe0sTdAhWKE5AKHaYYAoo4MhAWCBkwAQ&usg=AOvVaw3O6jNzaGpjIEk8tKy1M4no
Cresce vendas online de produtos para o Dia das Mães | O POVO ...; /url?q=https://www.opovo.com.br/noticias/economia/2018/05/cresce-venda-online-de-produtos-para-o-dia-das-maes.html&sa=U&ved=0ahUKEwjV6oCe0sTdAhWKE5AKHaYYAoo4MhAWCB4wAg&usg=AOvVaw2JxdrIJIAeZ9p-lVs6Pj9X
Conheça o m-commerce, fenômeno para vendas online | Ignição ...; /url?q=https://www.ignicaodigital.com.br/conheca-o-m-commerce-fenomeno-para-vendas-online/&sa=U&ved=0ahUKEwjV6oCe0sTdAhWKE5AKHaYYAoo4MhAWCCQwAw&usg=AOvVaw0sRxrOCWV6PVSutS0kCypJ
7 dicas para impulsionar suas vendas online - Boxloja.com; /url?q=https://www.boxloja.com/7-dicas-para-impulsionar-suas-vendas-online/&sa=U&ved=0ahUKEwjV6oCe0sTdAhWKE5AKHaYYAoo4MhAWCCkwBA&usg=AOvVaw0vYIRKXWkOIJ4w9JxYS5zt
Vendas online no atacado: como criar vantagem competitiva?; /url?q=http://www.maximasistemas.com.br/vantagem-competitiva/&sa=U&ved=0ahUKEwjV6oCe0sTdAhWKE5AKHaYYAoo4MhAWCC4wBQ&usg=AOvVaw0cAMevva91csOUkvaWrtBW
COMO FAZER A SUA PRIMEIRA VENDA ONLINE - D Loja Virtual; /url?q=https://www.dlojavirtual.com/como-vender/como-fazer-sua-primeira-venda-online&sa=U&ved=0ahUKEwjV6oCe0sTdAhWKE5AKHaYYAoo4MhAWCDQwBg&usg=AOvVaw2K_nxg46Fmg-42sbgflmq8
Marketing Digital para Aumentar Vendas Online em e-commerce ...; /url?q=https://www.esauce.com.br/marketing-digital/aumentar-vendas-ecommerce-loja-online/&sa=U&ved=0ahUKEwjV6oCe0sTdAhWKE5AKHaYYAoo4MhAWCDowBw&usg=AOvVaw3z1xnEbxX-mPR7KDrIZgEs
Loja online - Webnode; /url?q=https://www.webnode.com.br/loja-online/&sa=U&ved=0ahUKEwjV6oCe0sTdAhWKE5AKHaYYAoo4MhAWCD8wCA&usg=AOvVaw3bt8wZD_vd_BWoq_b9BI16
Vantagens das vendas pela internet - Destino Negocio; /url?q=https://destinonegocio.com/br/negocios-online/vendas-pela-internet-conheca-as-vantagens-da-loja-online/&sa=U&ved=0ahUKEwjV6oCe0sTdAhWKE5AKHaYYAoo4MhAWCEUwCQ&usg=AOvVaw1ZyeNBA6COXTBt6fN1Zh_H
Melhores Cursos de Vendas Online - Ideias Virtuais; /url?q=https://ideiasvirtuais.com.br/melhores-cursos-de-vendas-online/&sa=U&ved=0ahUKEwitkLOe0sTdAhVLEJAKHZOCDyg4PBAWCBQwAA&usg=AOvVaw01UmYy7rnRzPd8YrHQFR38
Campanhas de Vendas Online - Pensare Digital; /url?q=http://pensaredigital.com.br/campanhas-de-vendas-online/&sa=U&ved=0ahUKEwitkLOe0sTdAhVLEJAKHZOCDyg4PBAWCBowAQ&usg=AOvVaw1i1IuZccTFPxOL03ve6ygw
Vendas Online com Dropshipping - Jacki Design; /url?q=http://www.jackidesign.com.br/vendas-online-dropshipping&sa=U&ved=0ahUKEwitkLOe0sTdAhVLEJAKHZOCDyg4PBAWCB8wAg&usg=AOvVaw1EsHOcYoZoI5kZobynVmPF
Como começar a fazer vendas online - Portal TD | Tudo sobre ...; /url?q=https://transformacaodigital.com/como-comecar-a-fazer-vendas-online/&sa=U&ved=0ahUKEwitkLOe0sTdAhVLEJAKHZOCDyg4PBAWCCQwAw&usg=AOvVaw2rsjIH0RvK1KuLFiJgKX1q
Maquina de vendas online -Testemunho real de quem Comprou!; /url?q=https://www.gerandorendaonline.com/maquina-de-vendas-online-testemunho-de-quem-comprou/&sa=U&ved=0ahUKEwitkLOe0sTdAhVLEJAKHZOCDyg4PBAWCCowBA&usg=AOvVaw2Kx4wkTJo_qa8ypyQXnFR4
Plataforma de vendas online não deve indenizar vendedor que não ...; /url?q=https://www.migalhas.com.br/Quentes/17,MI281065,71043-Plataforma%2Bde%2Bvendas%2Bonline%2Bnao%2Bdeve%2Bindenizar%2Bvendedor%2Bque%2Bnao%2Bfoi&sa=U&ved=0ahUKEwitkLOe0sTdAhVLEJAKHZOCDyg4PBAWCC8wBQ&usg=AOvVaw1GhYhbGViQ85MFoO81YvDX
Saiba como aumentar as vendas online através do blog corporativo ...; /url?q=https://www.agendor.com.br/blog/como-aumentar-as-vendas-online/&sa=U&ved=0ahUKEwitkLOe0sTdAhVLEJAKHZOCDyg4PBAWCDUwBg&usg=AOvVaw2bLB0oP7EY5e4eM-jVo85n
A Máquina de Vendas Online 2018 Funciona? [COMPROVE AQUI!]; /url?q=https://novoempreendedor.com/a-maquina-de-vendas-online/&sa=U&ved=0ahUKEwitkLOe0sTdAhVLEJAKHZOCDyg4PBAWCDowBw&usg=AOvVaw1sxTDdCWOLcKEciXcnT5vA
Expert em Vendas Online — Marketing com Digital; /url?q=http://marketingcomdigital.com.br/lp/expert-em-vendas-online-oportunidade/&sa=U&ved=0ahUKEwitkLOe0sTdAhVLEJAKHZOCDyg4PBAWCD8wCA&usg=AOvVaw3QiU4x-L4wgWtKCc_aeDIz
A máquina de Vendas Online (Leia Aqui Antes de Comprar); /url?q=https://mundoempreendedor.net/maquina-de-vendas-online/&sa=U&ved=0ahUKEwitkLOe0sTdAhVLEJAKHZOCDyg4PBAWCEUwCQ&usg=AOvVaw18Ak1cOYbw6v_brGtFkV2G
Os 3 Pilares das Vendas Online - João Paulo Pereira; /url?q=https://joaopaulopereira.com.br/vendas-online/&sa=U&ved=0ahUKEwjJ3eOe0sTdAhWCUJAKHUATCmY4RhAWCBQwAA&usg=AOvVaw1fMxrqgCbSFG1GAHfDEZLe
AMETISTA SHOP VENDAS ONLINE no Marketplace do Shoptime; /url?q=https://www.shoptime.com.br/lojista/ametista-shop-vendas-online&sa=U&ved=0ahUKEwjJ3eOe0sTdAhWCUJAKHUATCmY4RhAWCBkwAQ&usg=AOvVaw0W4u9J3vH3fKQJssec_EEl
Campanha de vendas online: Vender todos os dias não é mais um ...; /url?q=https://stainen.com.br/marketing-digital/campanha-de-vendas-online/&sa=U&ved=0ahUKEwjJ3eOe0sTdAhWCUJAKHUATCmY4RhAWCB4wAg&usg=AOvVaw32f-eRmB-fwLw_RfJRtWAA
vendas online : Ofertas no Extra.com.br; /url?q=http://buscando.extra.com.br/loja/vendas-online&sa=U&ved=0ahUKEwjJ3eOe0sTdAhWCUJAKHUATCmY4RhAWCCMwAw&usg=AOvVaw23Y7Lw6JsKu77KmfGv9Y12
Conheça 5 ferramentas para impulsionar as vendas online; /url?q=https://blog.iset.com.br/conheca-5-ferramentas-para-impulsionar-as-vendas-online/&sa=U&ved=0ahUKEwjJ3eOe0sTdAhWCUJAKHUATCmY4RhAWCCgwBA&usg=AOvVaw3OiturTzotNN6mqCLQxCXp
Vendas online, um mercado que só cresce - RTL - RTL - Soluções; /url?q=https://rtlsolucoes.com.br/artigo/vendas-online-um-mercado-que-so-cresce&sa=U&ved=0ahUKEwjJ3eOe0sTdAhWCUJAKHUATCmY4RhAWCC0wBQ&usg=AOvVaw3AoIT609oiJy5m4wNI6jl2
[Guest Post] 4 hacks para aumentar as vendas online; /url?q=https://blog.xtechcommerce.com.br/hacks-para-aumentar-vendas-online/&sa=U&ved=0ahUKEwjJ3eOe0sTdAhWCUJAKHUATCmY4RhAWCDIwBg&usg=AOvVaw3JPI5ZZ96CG9oEdCcfpqNT
Portal de Vendas Online - Micro University; /url?q=http://microuniversity.com.br/portal-de-vendas-online/&sa=U&ved=0ahUKEwjJ3eOe0sTdAhWCUJAKHUATCmY4RhAWCDgwBw&usg=AOvVaw3i4bqmFUgOeHo3dKMnSfRF
Academia de Vendas Online - Raízen; /url?q=http://treinamentosraizen.com.br/&sa=U&ved=0ahUKEwjJ3eOe0sTdAhWCUJAKHUATCmY4RhAWCD0wCA&usg=AOvVaw1xywjLzOmEx5xXBSsMDX4t
Consultoria em vendas pela internet - Modernizza Marketing Digital; /url?q=https://modernizza.com/consultoria-em-vendas-online/&sa=U&ved=0ahUKEwjJ3eOe0sTdAhWCUJAKHUATCmY4RhAWCEMwCQ&usg=AOvVaw3OPyh6rVVd7pS-UEfLrrjV
Workshop Gratuito - Aprenda a Criar Conteúdo de Vendas Online ...; /url?q=https://criacaode.site/conteudo-de-vendas-online/&sa=U&ved=0ahUKEwihqKKf0sTdAhVJQpAKHWjbCck4UBAWCBQwAA&usg=AOvVaw2vq1vEa_JLa35ncVDZKzXG
Engenharia de vendas online - E-commerce - Curso de E-commerce; /url?q=https://www.cursodeecommerce.com.br/engenharia-de-vendas-online/&sa=U&ved=0ahUKEwihqKKf0sTdAhVJQpAKHWjbCck4UBAWCBkwAQ&usg=AOvVaw3QsEEQg2yV13h5zGgC7Isl
Consultoria em vendas pela internet - Modernizza Marketing Digital; /url?q=https://modernizza.com/consultoria-em-vendas-online/&sa=U&ved=0ahUKEwihqKKf0sTdAhVJQpAKHWjbCck4UBAWCCAwAg&usg=AOvVaw0BO8cj3ht1AZspxiSELf54
A Maquina de Vendas Online É Fraude, Reclame AQUI; /url?q=https://www.criarblogdozero.com.br/a-maquina-de-vendas-online/&sa=U&ved=0ahUKEwihqKKf0sTdAhVJQpAKHWjbCck4UBAWCCYwAw&usg=AOvVaw01EZrHKytVtd1Cd4dysB6a
Palio é o mais procurado em vendas online - A Tarde; /url?q=http://atarde.uol.com.br/autos/noticias/1972368-palio-e-o-mais-procurado-em-vendas-online&sa=U&ved=0ahUKEwihqKKf0sTdAhVJQpAKHWjbCck4UBAWCC4wBA&usg=AOvVaw26gmWyEs-BqRsIv7M1qF-7
Mais Vendas Online: Nosso negócio é fazer você vender mais!; /url?q=https://maisvendas.online/&sa=U&ved=0ahUKEwihqKKf0sTdAhVJQpAKHWjbCck4UBAWCDQwBQ&usg=AOvVaw1IjAVucb0PmVe1HNbzwNw0
Cursos Online Gratis | Técnicas de Vendas - INEAD; /url?q=http://www.inead.com.br/curso/45/tecnicas-de-vendas&sa=U&ved=0ahUKEwihqKKf0sTdAhVJQpAKHWjbCck4UBAWCDkwBg&usg=AOvVaw1jHNeVz4W610BlYxQqWh96
Termos e Condições de Vendas Online - DIPOL; /url?q=https://www.dipol.pt/termos_e_condicoes_de_vendas_online_m240.htm&sa=U&ved=0ahUKEwihqKKf0sTdAhVJQpAKHWjbCck4UBAWCD4wBw&usg=AOvVaw1poHoQFYYdOaPFP9xZxzfw
Odontogroup; /url?q=https://www.odontogroupvendasonline.com.br/&sa=U&ved=0ahUKEwihqKKf0sTdAhVJQpAKHWjbCck4UBAWCEMwCA&usg=AOvVaw1oDfVxBmt35GzWW_YlAC8e
Consultoria em Vendas Online - Marketing Digital e Vendas Online; /url?q=https://sivaldogomes.com.br/consultoria-em-vendas-online/&sa=U&ved=0ahUKEwihqKKf0sTdAhVJQpAKHWjbCck4UBAWCEgwCQ&usg=AOvVaw3ZfVAylKcsWzgpVgRDr4t6
A Máquina de Vendas Online 2018 → Tiago Bastos (1ª Aula GRÁTIS); /url?q=http://amaquinadevendas.online/&sa=U&ved=0ahUKEwik_uef0sTdAhUIhpAKHRrMAv44WhAWCBQwAA&usg=AOvVaw2IE_D_3rvJYSV4b4RdxUip
Resultados em vendas: online x offline - Blog Idealize Tecnologia; /url?q=https://www.idealizetecnologia.com.br/blog/resultados-em-vendas-online-x-offline/&sa=U&ved=0ahUKEwik_uef0sTdAhUIhpAKHRrMAv44WhAWCBkwAQ&usg=AOvVaw2YPG528dyPHWSxxwjxGSjb
Campanha de vendas online - Agência Lab (11) 4903-2306; /url?q=http://agencialab.com.br/campanha-de-vendas-online/&sa=U&ved=0ahUKEwik_uef0sTdAhUIhpAKHRrMAv44WhAWCB4wAg&usg=AOvVaw35vYS9iYAYvd9NOqxx0nI6
10 fatores para o sucesso nas vendas online - SEBRAE MERCADOS; /url?q=http://www.sebraemercados.com.br/10-fatores-para-o-sucesso-nas-vendas-online/&sa=U&ved=0ahUKEwik_uef0sTdAhUIhpAKHRrMAv44WhAWCCMwAw&usg=AOvVaw0rW9cSbvEHLFeSGaeTDaj8
VM VENDAS ONLINE - Moda e beleza - Vila Nova, Maringá | OLX; /url?q=https://www.olx.com.br/loja/id/154224&sa=U&ved=0ahUKEwik_uef0sTdAhUIhpAKHRrMAv44WhAWCCkwBA&usg=AOvVaw0DCy1Knw0i-3lxuWfM4zGw
Saiba como receber com Mercado Pago; /url?q=https://www.mercadopago.com.br/como-receber-pagamentos&sa=U&ved=0ahUKEwik_uef0sTdAhUIhpAKHRrMAv44WhAWCC4wBQ&usg=AOvVaw1Y1SMShLMeHDgX1oNGjp3q
Comércio via smartphones contribui para o aumento das vendas ...; /url?q=https://ecommercenews.com.br/noticias/dicas/comercio-via-smartphones-contribui-para-o-aumento-das-vendas-online/&sa=U&ved=0ahUKEwik_uef0sTdAhUIhpAKHRrMAv44WhAWCDMwBg&usg=AOvVaw3UsHroRvEdiyknbjZuikeS
CURSO ONLINE DE VENDAS:; /url?q=http://cursosdevendaonline.com.br/&sa=U&ved=0ahUKEwik_uef0sTdAhUIhpAKHRrMAv44WhAWCDkwBw&usg=AOvVaw09WdXpCSTiQEmsea9qF0ny
Funil de Vendas Online - Funil de Vendas; /url?q=https://www.funildevendas.com.br/vendas/funil-de-vendas-online.php&sa=U&ved=0ahUKEwik_uef0sTdAhUIhpAKHRrMAv44WhAWCD8wCA&usg=AOvVaw0vpJUOJw2-LA3BKQndzdrH
Grupo de vendas online criado por Jack Ma Respostas ...; /url?q=https://codycrossanswers.org/pt/grupo-de-vendas-online-criado-por-jack-ma-respostas&sa=U&ved=0ahUKEwik_uef0sTdAhUIhpAKHRrMAv44WhAWCEQwCQ&usg=AOvVaw2kizSIKX76CS8c8mZP00uG
Como vender pelo PagSeguro? - Dúvidas | PagSeguro; /url?q=https://faq.pagseguro.uol.com.br/duvida/como-vender-pelo-pagseguro/116&sa=U&ved=0ahUKEwjUsZqg0sTdAhVBiZAKHT7lDa84ZBAWCBQwAA&usg=AOvVaw0EoslbDczWdLAXJLOxd6xX
Campanhas de vendas online: Os 3 tipos para você vender todos os ...; /url?q=https://alessandrobarros.me/campanhas-de-vendas-online/&sa=U&ved=0ahUKEwjUsZqg0sTdAhVBiZAKHT7lDa84ZBAWCBkwAQ&usg=AOvVaw3Zmm8cMzn8NVRx3NEZFUba
E-Commerce brasileiro representa 60% das vendas online na ...; /url?q=https://www.dcg.com.br/blog/noticias/e-commerce-brasileiro-representa-60-das-vendas-online-na-america-latina/&sa=U&ved=0ahUKEwjUsZqg0sTdAhVBiZAKHT7lDa84ZBAWCB4wAg&usg=AOvVaw2GWKG_s0RdM82xLM0bdq3B
Guia prático para aumentar o faturamento das vendas online - Blog ...; /url?q=http://blog.gazinatacado.com.br/vendas-online/&sa=U&ved=0ahUKEwjUsZqg0sTdAhVBiZAKHT7lDa84ZBAWCCMwAw&usg=AOvVaw0ihMBTFhf5nlE5NLQM5p1X
Qual o Custo e Como Um Blog de Vendas Online Ajuda Seu E ...; /url?q=https://www.agenciaclave.com.br/blog-de-vendas-online/&sa=U&ved=0ahUKEwjUsZqg0sTdAhVBiZAKHT7lDa84ZBAWCCkwBA&usg=AOvVaw2aaiP7LUfVo5rnZsSv9VTN
Máquina Cartão de Crédito e Débito e Pagamentos Online | Rede; /url?q=https://www.userede.com.br/nossos-produtos&sa=U&ved=0ahUKEwjUsZqg0sTdAhVBiZAKHT7lDa84ZBAWCC4wBQ&usg=AOvVaw34w9LbvtTi-Kd6gCXTI1W0
Campanhas de Vendas Online - Consultoria em Marketing Digital ...; /url?q=https://paulov.com.br/lp/consultoria-premium-de-campanhas-de-vendas-online/&sa=U&ved=0ahUKEwjUsZqg0sTdAhVBiZAKHT7lDa84ZBAWCDQwBg&usg=AOvVaw3yQ22cQwHfKKrqWYEDNHVu
Vendas Online - Família Rosa Vende Tudo; /url?q=http://familiarosavendetudo.com.br/vendas-online-frvt.php&sa=U&ved=0ahUKEwjUsZqg0sTdAhVBiZAKHT7lDa84ZBAWCDkwBw&usg=AOvVaw3mIlV4Q_LvAhb1xxMENyto
Aumentar as Vendas Online | Ciclo Agência Digital; /url?q=https://www.cicloagenciadigital.com.br/solucoes/aumentar-vendas-online&sa=U&ved=0ahUKEwjUsZqg0sTdAhVBiZAKHT7lDa84ZBAWCD4wCA&usg=AOvVaw2WRV03dF7qXGsMw21Bqdqk
Como criar um site de vendas - O passo a passo para vender online; /url?q=https://www.guiadeecommerce.com.br/como-criar-um-site-de-vendas/&sa=U&ved=0ahUKEwjUsZqg0sTdAhVBiZAKHT7lDa84ZBAWCEMwCQ&usg=AOvVaw0mxncFQVmVoqhqHvWFOhjw
Canais de vendas online • Ribnet Criação de Sites | Marketing ...; /url?q=http://ribnet.com.br/e-commerce/canais-de-vendas-online&sa=U&ved=0ahUKEwii1syg0sTdAhVHgpAKHV-XAlA4bhAWCBQwAA&usg=AOvVaw3SqO8kekeP9b5SHR65T6Si
Como escrever os Termos e Condições de Venda de Produtos na ...; /url?q=https://moip.com.br/blog/termos-e-condicoes-de-vendas-online/&sa=U&ved=0ahUKEwii1syg0sTdAhVHgpAKHV-XAlA4bhAWCBkwAQ&usg=AOvVaw0OCaoiG21hwvTedTO3w2VI
Cliente online responde por metade das vendas da MRV em maio; /url?q=https://economia.estadao.com.br/blogs/coluna-do-broad/cliente-online-responde-por-metade-das-vendas-da-mrv-em-maio/&sa=U&ved=0ahUKEwii1syg0sTdAhVHgpAKHV-XAlA4bhAWCB8wAg&usg=AOvVaw2xkNpJaIdJ7bVRn-C1t-D6
Vaga de emprego de Vendas Online em São Paulo ,- SP - InfoJobs; /url?q=https://www.infojobs.com.br/vaga-de-vendas-online-em-sao-paulo__5999946.aspx&sa=U&ved=0ahUKEwii1syg0sTdAhVHgpAKHV-XAlA4bhAWCCUwAw&usg=AOvVaw0eH64Z8HfoecnspGEo6XxG
Marketing e Vendas « Cursos « FGV Online; /url?q=http://www5.fgv.br/fgvonline/Cursos/AreaConhecimento/Marketing/&sa=U&ved=0ahUKEwii1syg0sTdAhVHgpAKHV-XAlA4bhAWCCowBA&usg=AOvVaw1uZBk8Lb7ePdXkgNjEiXSD
A Máquina De Vendas Online Vs Fórmula Negócio Online - Adones ...; /url?q=https://www.adoneslima.com.br/2018/05/27/a-maquina-de-vendas-online-vs-formula-negocio-online-3/&sa=U&ved=0ahUKEwii1syg0sTdAhVHgpAKHV-XAlA4bhAWCDAwBQ&usg=AOvVaw0hhrUkRNN5iSFSOQJgLZEO
Consultoria em Vendas Online | Tôkis Digital; /url?q=https://www.tokisdigital.com.br/&sa=U&ved=0ahUKEwii1syg0sTdAhVHgpAKHV-XAlA4bhAWCDYwBg&usg=AOvVaw08KPo7-iVgLr5IAE5pkUQy
Política de Vendas Online da Starkey - Aparelhos Auditivos Starkey; /url?q=https://www.starkey.com.br/politica-de-vendas-da-internet&sa=U&ved=0ahUKEwii1syg0sTdAhVHgpAKHV-XAlA4bhAWCDswBw&usg=AOvVaw2DU7JT3_FThmJfeJHIlk3M
Como aumentar as vendas na internet e alavancar seu e commerce; /url?q=http://www.linksexperts.com.br/blog/vendas-online/como-aumentar-vendas-internet/&sa=U&ved=0ahUKEwii1syg0sTdAhVHgpAKHV-XAlA4bhAWCEAwCA&usg=AOvVaw0kfK8l6i5l9LtvGcSybZ8Q
Suporte para Vendas Online | COMARCH SA; /url?q=https://www.comarch.com.br/automacao-da-forca-de-vendas/suporte-para-vendas-online/&sa=U&ved=0ahUKEwii1syg0sTdAhVHgpAKHV-XAlA4bhAWCEYwCQ&usg=AOvVaw0cswf9546DmUOaB6vUIPO6
Venda Moda Online - Estratégias em gestão e marketing digital para ...; /url?q=https://vendamodaonline.com.br/&sa=U&ved=0ahUKEwjOof6g0sTdAhWKhZAKHQeXDgI4eBAWCBQwAA&usg=AOvVaw32hhzhUq_5ZJ3MhPnGooe4
Vendas online não param de crescer e são o caminho para o sucesso; /url?q=https://maringa.odiario.com/economia/2017/11/vendas-online-nao-param-de-crescer-e-sao-o-caminho-para-o-sucesso/2433480/&sa=U&ved=0ahUKEwjOof6g0sTdAhWKhZAKHQeXDgI4eBAWCBkwAQ&usg=AOvVaw2VfcEP7LsZHxw-ZNzTfH5k
Previsto um grande aumento das vendas online no Brasil | Lead ...; /url?q=https://www.adsalsa.com/br/blog/previsto-um-grande-aumento-das-vendas-online-no-brasil/&sa=U&ved=0ahUKEwjOof6g0sTdAhWKhZAKHQeXDgI4eBAWCB8wAg&usg=AOvVaw1dLfflPjmZ1CZwaK-LAkFk
Vender Online - Spiner Agência de Marketing Digital; /url?q=https://www.spiner.com.br/servicos/objetivos/vendas-online/&sa=U&ved=0ahUKEwjOof6g0sTdAhWKhZAKHQeXDgI4eBAWCCQwAw&usg=AOvVaw1MMGxijpxOJ5iKCcC3-nxQ
Máquina de Vendas Online - Veja Como Criar a Sua!; /url?q=https://mundodigitalbox.com/maquina-de-vendas-online/&sa=U&ved=0ahUKEwjOof6g0sTdAhWKhZAKHQeXDgI4eBAWCCkwBA&usg=AOvVaw3SMuYcEtyQJKRyFSGyXQHM
Compre no Brás sem sair de casa: 10 lojas online da região; /url?q=https://catracalivre.com.br/economize/compre-no-bras-sem-sair-de-casa-10-lojas-online-da-regiao/&sa=U&ved=0ahUKEwjOof6g0sTdAhWKhZAKHQeXDgI4eBAWCDAwBQ&usg=AOvVaw1AX_Y9g1uiUgP55uF2Vdwc
Vendas online: 3 técnicas de persuasão usadas por todo ...; /url?q=https://maispersuasao.com.br/vendas-online&sa=U&ved=0ahUKEwjOof6g0sTdAhWKhZAKHQeXDgI4eBAWCDYwBg&usg=AOvVaw3VjmThxsNSpWswkjW5INyB
21 Segredos Poderosos para Aumentar suas Vendas Online; /url?q=https://aulaplus.com.br/segredos-aumentar-vendas-online/&sa=U&ved=0ahUKEwjOof6g0sTdAhWKhZAKHQeXDgI4eBAWCDwwBw&usg=AOvVaw01z1lb9aZclO0_9tVwV-nC
⇒ A Máquina De Vendas Online Funciona? É Confiável ...; /url?q=https://carreiraeempreendedorismo.com/a-maquina-de-vendas-online/&sa=U&ved=0ahUKEwjOof6g0sTdAhWKhZAKHQeXDgI4eBAWCEMwCA&usg=AOvVaw2JrqzNQ1fSgQGscaLYtY3M
Vendas online: solução em tempos de crise! E-commerce é uma ...; /url?q=https://blog.flexy.com.br/vendas-online-solucao-em-tempos-de-crise-2/&sa=U&ved=0ahUKEwjOof6g0sTdAhWKhZAKHQeXDgI4eBAWCEkwCQ&usg=AOvVaw0IYwpUzvfk4h1rxmEvZsob
Quero vender na internet. Como faço? | - Blog do PagSeguro; /url?q=https://blogpagseguro.com.br/2014/05/quero-vender-na-internet-como-faco/&sa=U&ved=0ahUKEwiVt7Ch0sTdAhXLHpAKHVegCxQ4ggEQFggUMAA&usg=AOvVaw1aBGDoxBkGeCMFw8GyLWPG
Como salvar suas vendas online com um clube de assinatura ...; /url?q=https://www.secnet.com.br/blog/como-salvar-suas-vendas-online-com-um-clube-de-assinatura&sa=U&ved=0ahUKEwiVt7Ch0sTdAhXLHpAKHVegCxQ4ggEQFggbMAE&usg=AOvVaw2Cnn0-Rhz-cxCWhyv00uCd
Controle de Vendas e Estoque - Funcionalidades | ContaAzul; /url?q=https://contaazul.com/funcionalidades/controle-vendas/&sa=U&ved=0ahUKEwiVt7Ch0sTdAhXLHpAKHVegCxQ4ggEQFgghMAI&usg=AOvVaw1CD5LBbKZ4FM37xoP0HYUK
Nuvem Shop - Crie sua loja virtual e venda pela internet; /url?q=https://www.nuvemshop.com.br/&sa=U&ved=0ahUKEwiVt7Ch0sTdAhXLHpAKHVegCxQ4ggEQFggoMAM&usg=AOvVaw1QX7xS3qILTQn3c0YpuKEv
Negócio online ou offline: qual deles gera mais resultados em ...; /url?q=https://workconnection.com.br/blog/negocio-online-ou-offline-qual-deles-gera-mais-resultados-em-vendas/&sa=U&ved=0ahUKEwiVt7Ch0sTdAhXLHpAKHVegCxQ4ggEQFgguMAQ&usg=AOvVaw2g2mopNBwkmhAu_tu-YqM1
Hirota expande serviço de "shopper" para vendas online - Newtrade; /url?q=https://newtrade.com.br/tecnologia/hirota-expande-servico-de-shopper-para-vendas-online/&sa=U&ved=0ahUKEwiVt7Ch0sTdAhXLHpAKHVegCxQ4ggEQFgg0MAU&usg=AOvVaw1_qcjIcZUr5mj4p0csw9XU
A Máquina de Vendas Online Funciona? Descubra a Verdade!; /url?q=https://www.vicentesampaio.com.br/marketingdigital/a-maquina-de-vendas-online/&sa=U&ved=0ahUKEwiVt7Ch0sTdAhXLHpAKHVegCxQ4ggEQFgg6MAY&usg=AOvVaw0f86pzr3aIpMlk9kvsYyDk
Vendas online: saiba como receber pagamentos em sua conta ...; /url?q=https://www.formasdepagamento.com/artigo/vendas-online/&sa=U&ved=0ahUKEwiVt7Ch0sTdAhXLHpAKHVegCxQ4ggEQFghAMAc&usg=AOvVaw2VtL8dBZCI9ALSufbt4xCD
Vendas online da Natura crescem mais de 150% no segundo ...; /url?q=https://www.valor.com.br/empresas/5056604/vendas-online-da-natura-crescem-mais-de-150-no-segundo-trimestre&sa=U&ved=0ahUKEwiVt7Ch0sTdAhXLHpAKHVegCxQ4ggEQFghGMAg&usg=AOvVaw3bBhQ-WmA0uZDduzpOHceF
Será que as vendas online podem salvar o varejo? - Blog Vindi; /url?q=https://blog.vindi.com.br/sera-que-as-vendas-online-podem-salvar-o-varejo/&sa=U&ved=0ahUKEwiVt7Ch0sTdAhXLHpAKHVegCxQ4ggEQFghMMAk&usg=AOvVaw3cU5gYbIT-FsibOkHMhiKZ
Porque uma loja física deve abrir um canal de vendas online ...; /url?q=https://quatrodigital.com/blog/abrir-um-canal-de-vendas-online/&sa=U&ved=0ahUKEwjCsOGh0sTdAhWCEZAKHY3TBQ84jAEQFggUMAA&usg=AOvVaw1wsoBOxYiRF6EpT_vuPxT1
Vendas Online de Eventos: 10 Táticas para Dobrar as Vendas de ...; /url?q=https://www.eventbrite.com.br/blog/marketing/como-dobrar-as-vendas-online-de-eventos-ds0c/&sa=U&ved=0ahUKEwjCsOGh0sTdAhWCEZAKHY3TBQ84jAEQFggaMAE&usg=AOvVaw13yAbJdBh-WP1_kOtIGz7u
E-commerce: Como o foco pode aumentar suas vendas online ...; /url?q=https://www.vendamais.com.br/e-commerce-como-aumentar-suas-vendas-online/&sa=U&ved=0ahUKEwjCsOGh0sTdAhWCEZAKHY3TBQ84jAEQFgggMAI&usg=AOvVaw1kb2n7n8i7H62e8TIzwvNs
Investir em Vendas Online é Um Bom Negócio? | Geração Interativa; /url?q=http://geracaointerativa.com.br/noticias-marketing-digital/339-investir-em-vendas-online-e-bom-negocio.html&sa=U&ved=0ahUKEwjCsOGh0sTdAhWCEZAKHY3TBQ84jAEQFggmMAM&usg=AOvVaw3Op9qWF_wow32E8HZBr2cL
Magazine Você - A forma de ganhar sua renda extra ao trabalhar ...; /url?q=https://www.magazinevoce.com.br/&sa=U&ved=0ahUKEwjCsOGh0sTdAhWCEZAKHY3TBQ84jAEQFggtMAQ&usg=AOvVaw1kIn6KLAFI-l544r-aabUw
Vendas Online | MRV Engenharia; /url?q=https://m.mrv.com.br/imoveis/vendas-online&sa=U&ved=0ahUKEwjCsOGh0sTdAhWCEZAKHY3TBQ84jAEQFggzMAU&usg=AOvVaw3K6UpGt4epfIiYN_lyQQBh
Máquina de Vendas Online 2.0 Gera R$ 10.000,00 por mês?; /url?q=http://vidadeafiliado.com/maquina-de-vendas-online/&sa=U&ved=0ahUKEwjCsOGh0sTdAhWCEZAKHY3TBQ84jAEQFgg4MAY&usg=AOvVaw3H9S0EIbPcOEu5XFqtfndX
Alavancando Vendas Online: Evento discute potencialidades do e ...; /url?q=https://www.erpflex.com.br/blog/alavancando-vendas&sa=U&ved=0ahUKEwjCsOGh0sTdAhWCEZAKHY3TBQ84jAEQFghAMAc&usg=AOvVaw0cK5Wf9DmAEvBXAKVGL0z_
45% das vendas online no brasil envolvem dois ou mais ... - Criteo; /url?q=https://www.criteo.com/br/news/press-releases/2017/03/45-das-vendas-online-no-brasil-envolvem-dois-ou-mais-dispositivos/&sa=U&ved=0ahUKEwjCsOGh0sTdAhWCEZAKHY3TBQ84jAEQFghGMAg&usg=AOvVaw1noUOandLu1OfiqiA34DRB
Rede Natura | Compre online perfumes, maquiagens, cosméticos e ...; /url?q=http://rede.natura.net/&sa=U&ved=0ahUKEwjCsOGh0sTdAhWCEZAKHY3TBQ84jAEQFghMMAk&usg=AOvVaw0Dm0jFPJKgFm22h1Ir_p0I
